Date,Total Percentage,Industrials Percentage,Health Care Percentage,Information Technology Percentage,Utilities Percentage,Financials Percentage,Materials Percentage,Consumer Discretionary Percentage,Real Estate Percentage,Communication Services Percentage,Consumer Staples Percentage,Energy Percentage
2023-01-02,0,0,0,0,0,0,0,0,0,0,0,0
2023-01-03,0.0,0.0,0.0,0.0,0.0,0.0,0.0,0.0,0.0,0.0,0.0,0.0
2023-01-04,0.0,0.0,0.0,0.0,0.0,0.0,0.0,0.0,0.0,0.0,0.0,0.0
2023-01-05,0.0,0.0,0.0,0.0,0.0,0.0,0.0,0.0,0.0,0.0,0.0,0.0
2023-01-06,0.0,0.0,0.0,0.0,0.0,0.0,0.0,0.0,0.0,0.0,0.0,0.0
2023-01-09,0.0,0.0,0.0,0.0,0.0,0.0,0.0,0.0,0.0,0.0,0.0,0.0
2023-01-10,0.0,0.0,0.0,0.0,0.0,0.0,0.0,0.0,0.0,0.0,0.0,0.0
2023-01-11,0.0,0.0,0.0,0.0,0.0,0.0,0.0,0.0,0.0,0.0,0.0,0.0
2023-01-12,0.0,0.0,0.0,0.0,0.0,0.0,0.0,0.0,0.0,0.0,0.0,0.0
2023-01-13,0.0,0.0,0.0,0.0,0.0,0.0,0.0,0.0,0.0,0.0,0.0,0.0
2023-01-16,0.0,0.0,0.0,0.0,0.0,0.0,0.0,0.0,0.0,0.0,0.0,0.0
2023-01-17,0.0,0.0,0.0,0.0,0.0,0.0,0.0,0.0,0.0,0.0,0.0,0.0
2023-01-18,0.0,0.0,0.0,0.0,0.0,0.0,0.0,0.0,0.0,0.0,0.0,0.0
2023-01-19,0.0,0.0,0.0,0.0,0.0,0.0,0.0,0.0,0.0,0.0,0.0,0.0
2023-01-20,0.0,0.0,0.0,0.0,0.0,0.0,0.0,0.0,0.0,0.0,0.0,0.0
2023-01-23,0.0,0.0,0.0,0.0,0.0,0.0,0.0,0.0,0.0,0.0,0.0,0.0
2023-01-24,0.0,0.0,0.0,0.0,0.0,0.0,0.0,0.0,0.0,0.0,0.0,0.0
2023-01-25,0.0,0.0,0.0,0.0,0.0,0.0,0.0,0.0,0.0,0.0,0.0,0.0
2023-01-26,0.0,0.0,0.0,0.0,0.0,0.0,0.0,0.0,0.0,0.0,0.0,0.0
2023-01-27,0.0,0.0,0.0,0.0,0.0,0.0,0.0,0.0,0.0,0.0,0.0,0.0
2023-01-30,0.0,0.0,0.0,0.0,0.0,0.0,0.0,0.0,0.0,0.0,0.0,0.0
2023-01-31,0.0,0.0,0.0,0.0,0.0,0.0,0.0,0.0,0.0,0.0,0.0,0.0
2023-02-01,0.0,0.0,0.0,0.0,0.0,0.0,0.0,0.0,0.0,0.0,0.0,0.0
2023-02-02,0.0,0.0,0.0,0.0,0.0,0.0,0.0,0.0,0.0,0.0,0.0,0.0
2023-02-03,0.0,0.0,0.0,0.0,0.0,0.0,0.0,0.0,0.0,0.0,0.0,0.0
2023-02-06,0.0,0.0,0.0,0.0,0.0,0.0,0.0,0.0,0.0,0.0,0.0,0.0
2023-02-07,0.0,0.0,0.0,0.0,0.0,0.0,0.0,0.0,0.0,0.0,0.0,0.0
2023-02-08,0.0,0.0,0.0,0.0,0.0,0.0,0.0,0.0,0.0,0.0,0.0,0.0
2023-02-09,0.0,0.0,0.0,0.0,0.0,0.0,0.0,0.0,0.0,0.0,0.0,0.0
2023-02-10,0.0,0.0,0.0,0.0,0.0,0.0,0.0,0.0,0.0,0.0,0.0,0.0
2023-02-13,0.0,0.0,0.0,0.0,0.0,0.0,0.0,0.0,0.0,0.0,0.0,0.0
2023-02-14,0.0,0.0,0.0,0.0,0.0,0.0,0.0,0.0,0.0,0.0,0.0,0.0
2023-02-15,0.0,0.0,0.0,0.0,0.0,0.0,0.0,0.0,0.0,0.0,0.0,0.0
2023-02-16,0.0,0.0,0.0,0.0,0.0,0.0,0.0,0.0,0.0,0.0,0.0,0.0
2023-02-17,0.0,0.0,0.0,0.0,0.0,0.0,0.0,0.0,0.0,0.0,0.0,0.0
2023-02-20,0.0,0.0,0.0,0.0,0.0,0.0,0.0,0.0,0.0,0.0,0.0,0.0
2023-02-21,0.0,0.0,0.0,0.0,0.0,0.0,0.0,0.0,0.0,0.0,0.0,0.0
2023-02-22,0.0,0.0,0.0,0.0,0.0,0.0,0.0,0.0,0.0,0.0,0.0,0.0
2023-02-23,0.0,0.0,0.0,0.0,0.0,0.0,0.0,0.0,0.0,0.0,0.0,0.0
2023-02-24,0.0,0.0,0.0,0.0,0.0,0.0,0.0,0.0,0.0,0.0,0.0,0.0
2023-02-27,0.0,0.0,0.0,0.0,0.0,0.0,0.0,0.0,0.0,0.0,0.0,0.0
2023-02-28,0.0,0.0,0.0,0.0,0.0,0.0,0.0,0.0,0.0,0.0,0.0,0.0
2023-03-01,0.0,0.0,0.0,0.0,0.0,0.0,0.0,0.0,0.0,0.0,0.0,0.0
2023-03-02,0.0,0.0,0.0,0.0,0.0,0.0,0.0,0.0,0.0,0.0,0.0,0.0
2023-03-03,0.0,0.0,0.0,0.0,0.0,0.0,0.0,0.0,0.0,0.0,0.0,0.0
2023-03-06,0.0,0.0,0.0,0.0,0.0,0.0,0.0,0.0,0.0,0.0,0.0,0.0
2023-03-07,0.0,0.0,0.0,0.0,0.0,0.0,0.0,0.0,0.0,0.0,0.0,0.0
2023-03-08,0.0,0.0,0.0,0.0,0.0,0.0,0.0,0.0,0.0,0.0,0.0,0.0
2023-03-09,0.0,0.0,0.0,0.0,0.0,0.0,0.0,0.0,0.0,0.0,0.0,0.0
2023-03-10,0.0,0.0,0.0,0.0,0.0,0.0,0.0,0.0,0.0,0.0,0.0,0.0
2023-03-13,0.0,0.0,0.0,0.0,0.0,0.0,0.0,0.0,0.0,0.0,0.0,0.0
2023-03-14,0.0,0.0,0.0,0.0,0.0,0.0,0.0,0.0,0.0,0.0,0.0,0.0
2023-03-15,0.0,0.0,0.0,0.0,0.0,0.0,0.0,0.0,0.0,0.0,0.0,0.0
2023-03-16,0.0,0.0,0.0,0.0,0.0,0.0,0.0,0.0,0.0,0.0,0.0,0.0
2023-03-17,0.0,0.0,0.0,0.0,0.0,0.0,0.0,0.0,0.0,0.0,0.0,0.0
2023-03-20,0.0,0.0,0.0,0.0,0.0,0.0,0.0,0.0,0.0,0.0,0.0,0.0
2023-03-21,0.0,0.0,0.0,0.0,0.0,0.0,0.0,0.0,0.0,0.0,0.0,0.0
2023-03-22,0.0,0.0,0.0,0.0,0.0,0.0,0.0,0.0,0.0,0.0,0.0,0.0
2023-03-23,0.0,0.0,0.0,0.0,0.0,0.0,0.0,0.0,0.0,0.0,0.0,0.0
2023-03-24,0.0,0.0,0.0,0.0,0.0,0.0,0.0,0.0,0.0,0.0,0.0,0.0
2023-03-27,0.0,0.0,0.0,0.0,0.0,0.0,0.0,0.0,0.0,0.0,0.0,0.0
2023-03-28,0.0,0.0,0.0,0.0,0.0,0.0,0.0,0.0,0.0,0.0,0.0,0.0
2023-03-29,366.4219602382127,45.33333333333333,31.147540983606557,65.21739130434783,41.935483870967744,14.084507042253522,14.814814814814813,40.0,0.0,40.909090909090914,63.888888888888886,9.090909090909092
2023-03-30,392.2019226080832,46.666666666666664,36.0655737704918,72.46376811594203,41.935483870967744,12.676056338028168,18.51851851851852,40.0,6.451612903225806,45.45454545454545,58.333333333333336,13.636363636363635
2023-03-31,505.10712952337235,58.666666666666664,52.459016393442624,79.71014492753623,61.29032258064516,18.30985915492958,25.925925925925924,56.00000000000001,16.129032258064516,59.09090909090909,63.888888888888886,13.636363636363635
2023-04-03,557.2720211698473,57.333333333333336,60.65573770491803,78.26086956521739,51.61290322580645,23.943661971830984,25.925925925925924,57.99999999999999,12.903225806451612,63.63636363636363,75.0,50.0
2023-04-04,484.6457760622345,32.0,57.377049180327866,68.11594202898551,54.83870967741935,22.535211267605636,18.51851851851852,52.0,16.129032258064516,54.54545454545454,72.22222222222221,36.36363636363637
2023-04-05,503.57531829018967,25.333333333333336,63.934426229508205,59.42028985507246,87.09677419354838,21.12676056338028,22.22222222222222,44.0,6.451612903225806,59.09090909090909,69.44444444444444,45.45454545454545
2023-04-06,503.1224241398441,22.666666666666664,68.85245901639344,53.62318840579711,93.54838709677419,18.30985915492958,22.22222222222222,42.0,9.67741935483871,54.54545454545454,72.22222222222221,45.45454545454545
2023-04-07,503.1224241398441,22.666666666666664,68.85245901639344,53.62318840579711,93.54838709677419,18.30985915492958,22.22222222222222,42.0,9.67741935483871,54.54545454545454,72.22222222222221,45.45454545454545
2023-04-10,545.4950084196319,26.666666666666668,67.21311475409836,65.21739130434783,90.32258064516128,18.30985915492958,22.22222222222222,48.0,16.129032258064516,63.63636363636363,77.77777777777779,50.0
2023-04-11,599.3597865904621,29.333333333333332,70.49180327868852,63.76811594202898,96.7741935483871,19.718309859154928,22.22222222222222,57.99999999999999,19.35483870967742,68.18181818181817,83.33333333333334,68.18181818181817
2023-04-12,566.2034400020661,36.0,68.85245901639344,59.42028985507246,96.7741935483871,18.30985915492958,29.629629629629626,46.0,22.58064516129032,50.0,75.0,63.63636363636363
2023-04-13,617.601235205356,34.66666666666667,75.40983606557377,65.21739130434783,96.7741935483871,22.535211267605636,37.03703703703704,56.00000000000001,19.35483870967742,59.09090909090909,83.33333333333334,68.18181818181817
2023-04-14,580.4199153657205,37.333333333333336,70.49180327868852,63.76811594202898,83.87096774193549,21.12676056338028,33.33333333333333,54.0,9.67741935483871,54.54545454545454,75.0,77.27272727272727
2023-04-17,625.3996005695511,41.333333333333336,75.40983606557377,63.76811594202898,93.54838709677419,29.577464788732392,44.44444444444444,56.00000000000001,22.58064516129032,54.54545454545454,80.55555555555556,63.63636363636363
2023-04-18,617.5918823812748,44.0,75.40983606557377,62.31884057971014,80.64516129032258,33.80281690140845,51.85185185185185,60.0,16.129032258064516,45.45454545454545,88.88888888888889,59.09090909090909
2023-04-19,627.4632518375057,44.0,68.85245901639344,52.17391304347826,90.32258064516128,38.028169014084504,51.85185185185185,57.99999999999999,29.03225806451613,50.0,86.11111111111111,59.09090909090909
2023-04-20,575.1495072898556,42.66666666666667,68.85245901639344,47.82608695652174,90.32258064516128,35.2112676056338,44.44444444444444,60.0,16.129032258064516,40.909090909090914,83.33333333333334,45.45454545454545
2023-04-21,562.9677186259864,42.66666666666667,70.49180327868852,52.17391304347826,93.54838709677419,33.80281690140845,33.33333333333333,57.99999999999999,19.35483870967742,45.45454545454545,77.77777777777779,36.36363636363637
2023-04-24,595.3226405020928,45.33333333333333,75.40983606557377,49.275362318840585,90.32258064516128,32.3943661971831,44.44444444444444,60.0,19.35483870967742,40.909090909090914,83.33333333333334,54.54545454545454
2023-04-25,486.2376323623427,33.33333333333333,67.21311475409836,30.434782608695656,90.32258064516128,22.535211267605636,29.629629629629626,52.0,19.35483870967742,36.36363636363637,77.77777777777779,27.27272727272727
2023-04-26,400.83464531032587,21.333333333333336,57.377049180327866,26.08695652173913,70.96774193548387,19.718309859154928,22.22222222222222,42.0,16.129032258064516,31.818181818181817,75.0,18.181818181818183
2023-04-27,532.7788943384679,46.666666666666664,62.295081967213115,43.47826086956522,90.32258064516128,28.169014084507044,29.629629629629626,54.0,32.25806451612903,40.909090909090914,77.77777777777779,27.27272727272727
2023-04-28,598.192981625466,46.666666666666664,60.65573770491803,42.028985507246375,87.09677419354838,33.80281690140845,44.44444444444444,66.0,38.70967741935484,54.54545454545454,83.33333333333334,40.909090909090914
2023-05-01,592.7266882605423,52.0,62.295081967213115,42.028985507246375,87.09677419354838,32.3943661971831,40.74074074074074,72.0,35.483870967741936,50.0,77.77777777777779,40.909090909090914
2023-05-02,479.726872390089,45.33333333333333,59.01639344262295,34.78260869565217,74.19354838709677,25.352112676056336,33.33333333333333,66.0,25.806451612903224,36.36363636363637,75.0,4.545454545454546
2023-05-03,449.369723289214,45.33333333333333,57.377049180327866,30.434782608695656,64.51612903225806,26.76056338028169,33.33333333333333,60.0,25.806451612903224,36.36363636363637,69.44444444444444,0.0
2023-05-04,431.6116583094063,41.333333333333336,54.09836065573771,26.08695652173913,77.41935483870968,23.943661971830984,37.03703703703704,50.0,32.25806451612903,27.27272727272727,62.16216216216216,0.0
2023-05-05,543.069526718632,54.666666666666664,60.65573770491803,39.130434782608695,83.87096774193549,28.169014084507044,37.03703703703704,66.0,45.16129032258064,36.36363636363637,78.37837837837837,13.636363636363635
2023-05-08,553.3765928203835,50.66666666666667,59.01639344262295,42.028985507246375,83.87096774193549,30.985915492957744,37.03703703703704,68.0,45.16129032258064,54.54545454545454,72.97297297297297,9.090909090909092
2023-05-09,524.0259552589074,50.66666666666667,55.73770491803278,37.68115942028986,83.87096774193549,30.985915492957744,29.629629629629626,66.0,41.935483870967744,45.45454545454545,72.97297297297297,9.090909090909092
2023-05-10,505.733903931793,48.0,55.73770491803278,42.028985507246375,87.09677419354838,30.985915492957744,29.629629629629626,60.0,41.935483870967744,40.909090909090914,64.86486486486487,4.545454545454546
2023-05-11,491.72027200822447,48.0,59.01639344262295,42.028985507246375,77.41935483870968,32.3943661971831,25.925925925925924,56.00000000000001,45.16129032258064,40.909090909090914,64.86486486486487,0.0
2023-05-12,513.4832822871339,48.0,57.377049180327866,43.47826086956522,80.64516129032258,32.3943661971831,25.925925925925924,52.0,45.16129032258064,54.54545454545454,64.86486486486487,9.090909090909092
2023-05-15,496.5948457603187,49.333333333333336,55.73770491803278,50.72463768115942,61.29032258064516,32.3943661971831,25.925925925925924,57.99999999999999,41.935483870967744,50.0,62.16216216216216,9.090909090909092
2023-05-16,412.9575925183617,37.333333333333336,50.81967213114754,49.275362318840585,35.483870967741936,28.169014084507044,22.22222222222222,48.0,25.806451612903224,54.54545454545454,56.75675675675676,4.545454545454546
2023-05-17,464.08200686280014,54.666666666666664,54.09836065573771,56.52173913043478,29.03225806451613,33.80281690140845,25.925925925925924,56.00000000000001,35.483870967741936,54.54545454545454,59.45945945945946,4.545454545454546
2023-05-18,482.3267277067095,58.666666666666664,50.81967213114754,63.76811594202898,22.58064516129032,39.436619718309856,29.629629629629626,68.0,29.03225806451613,54.54545454545454,56.75675675675676,9.090909090909092
2023-05-19,491.29553694191225,58.666666666666664,52.459016393442624,66.66666666666666,22.58064516129032,42.25352112676056,29.629629629629626,60.0,32.25806451612903,54.54545454545454,54.054054054054056,18.181818181818183
2023-05-22,486.09429245930636,62.66666666666667,54.09836065573771,68.11594202898551,19.35483870967742,39.436619718309856,33.33333333333333,60.0,32.25806451612903,54.54545454545454,48.64864864864865,13.636363636363635
2023-05-23,423.1499226770488,49.333333333333336,37.704918032786885,60.86956521739131,16.129032258064516,36.61971830985916,33.33333333333333,46.0,29.03225806451613,54.54545454545454,45.94594594594595,13.636363636363635
2023-05-24,344.2900783137409,40.0,27.86885245901639,55.072463768115945,16.129032258064516,23.943661971830984,18.51851851851852,36.0,22.58064516129032,50.0,40.54054054054054,13.636363636363635
2023-05-25,324.31014017578605,41.333333333333336,24.59016393442623,60.86956521739131,12.903225806451612,28.169014084507044,14.814814814814813,38.0,19.35483870967742,50.0,29.72972972972973,4.545454545454546
2023-05-26,367.56775303960006,45.33333333333333,21.311475409836063,73.91304347826086,9.67741935483871,33.80281690140845,22.22222222222222,48.0,29.03225806451613,50.0,29.72972972972973,4.545454545454546
2023-05-29,367.56775303960006,45.33333333333333,21.311475409836063,73.91304347826086,9.67741935483871,33.80281690140845,22.22222222222222,48.0,29.03225806451613,50.0,29.72972972972973,4.545454545454546
2023-05-30,357.4427988945507,46.666666666666664,18.0327868852459,73.91304347826086,12.903225806451612,33.80281690140845,22.22222222222222,42.0,29.03225806451613,50.0,24.324324324324326,4.545454545454546
2023-05-31,330.3048583621815,33.33333333333333,27.86885245901639,69.56521739130434,12.903225806451612,23.943661971830984,11.11111111111111,34.0,38.70967741935484,50.0,24.324324324324326,4.545454545454546
2023-06-01,378.24871451015986,42.66666666666667,31.147540983606557,76.81159420289855,6.451612903225806,33.80281690140845,18.51851851851852,40.0,35.483870967741936,54.54545454545454,29.72972972972973,9.090909090909092
2023-06-02,548.8973881137322,69.33333333333334,40.98360655737705,84.05797101449275,16.129032258064516,60.56338028169014,40.74074074074074,68.0,54.83870967741935,59.09090909090909,32.432432432432435,22.727272727272727
2023-06-05,520.5900492520855,64.0,44.26229508196721,73.91304347826086,16.129032258064516,54.929577464788736,40.74074074074074,68.0,51.61290322580645,59.09090909090909,29.72972972972973,18.181818181818183
2023-06-06,550.3672135074332,69.33333333333334,39.34426229508197,78.26086956521739,16.129032258064516,61.97183098591549,40.74074074074074,68.0,67.74193548387096,63.63636363636363,27.027027027027028,18.181818181818183
2023-06-07,640.2227533191013,80.0,34.42622950819672,75.36231884057972,29.03225806451613,71.83098591549296,51.85185185185185,66.0,77.41935483870968,68.18181818181817,27.027027027027028,59.09090909090909
2023-06-08,618.8111732434287,80.0,36.0655737704918,78.26086956521739,32.25806451612903,67.6056338028169,44.44444444444444,64.0,70.96774193548387,72.72727272727273,27.027027027027028,45.45454545454545
2023-06-09,624.555447894036,76.0,39.34426229508197,79.71014492753623,35.483870967741936,69.01408450704226,40.74074074074074,64.0,74.19354838709677,72.72727272727273,32.432432432432435,40.909090909090914
2023-06-12,612.032531944672,78.66666666666666,44.26229508196721,86.95652173913044,25.806451612903224,63.38028169014085,37.03703703703704,72.0,74.19354838709677,72.72727272727273,29.72972972972973,27.27272727272727
2023-06-13,672.0051085771826,82.66666666666667,54.09836065573771,91.30434782608695,25.806451612903224,69.01408450704226,55.55555555555556,76.0,74.19354838709677,72.72727272727273,29.72972972972973,40.909090909090914
2023-06-14,640.8811585211226,82.66666666666667,45.90163934426229,91.30434782608695,22.58064516129032,66.19718309859155,55.55555555555556,80.0,74.19354838709677,72.72727272727273,27.027027027027028,22.727272727272727
2023-06-15,698.5826913166821,89.33333333333333,50.81967213114754,92.7536231884058,35.483870967741936,71.83098591549296,66.66666666666666,80.0,77.41935483870968,72.72727272727273,29.72972972972973,31.818181818181817
2023-06-16,707.2367185180676,92.0,55.73770491803278,91.30434782608695,38.70967741935484,74.64788732394366,62.96296296296296,78.0,74.19354838709677,68.18181818181817,35.13513513513514,36.36363636363637
2023-06-19,707.2367185180676,92.0,55.73770491803278,91.30434782608695,38.70967741935484,74.64788732394366,62.96296296296296,78.0,74.19354838709677,68.18181818181817,35.13513513513514,36.36363636363637
2023-06-20,627.0766663278782,85.33333333333334,54.09836065573771,88.40579710144928,22.58064516129032,66.19718309859155,51.85185185185185,78.0,64.51612903225806,68.18181818181817,29.72972972972973,18.181818181818183
2023-06-21,634.6265301355047,90.66666666666666,50.81967213114754,82.6086956521739,35.483870967741936,64.7887323943662,55.55555555555556,76.0,58.06451612903226,63.63636363636363,29.72972972972973,27.27272727272727
2023-06-22,591.6342150528069,84.0,57.377049180327866,84.05797101449275,25.806451612903224,53.52112676056338,48.148148148148145,72.0,51.61290322580645,63.63636363636363,37.83783783783784,13.636363636363635
2023-06-23,522.7711606190254,77.33333333333333,52.459016393442624,79.71014492753623,16.129032258064516,46.478873239436616,51.85185185185185,66.0,25.806451612903224,63.63636363636363,29.72972972972973,13.636363636363635
2023-06-26,566.1935082737181,81.33333333333333,52.459016393442624,78.26086956521739,16.129032258064516,50.70422535211267,51.85185185185185,64.0,58.06451612903226,68.18181818181817,27.027027027027028,18.181818181818183
2023-06-27,639.2886048464434,88.0,52.459016393442624,88.40579710144928,22.58064516129032,56.33802816901409,59.25925925925925,78.0,64.51612903225806,72.72727272727273,29.72972972972973,27.27272727272727
2023-06-28,627.0475309279501,88.0,52.459016393442624,88.40579710144928,12.903225806451612,56.33802816901409,55.55555555555556,80.0,64.51612903225806,72.72727272727273,24.324324324324326,31.818181818181817
2023-06-29,683.5876761264055,89.33333333333333,54.09836065573771,92.7536231884058,16.129032258064516,66.19718309859155,62.96296296296296,86.0,64.51612903225806,77.27272727272727,24.324324324324326,50.0
2023-06-30,729.2702417142749,93.33333333333333,62.295081967213115,92.7536231884058,22.58064516129032,70.4225352112676,66.66666666666666,86.0,70.96774193548387,77.27272727272727,32.432432432432435,54.54545454545454
2023-07-03,766.4978219536159,94.66666666666667,60.65573770491803,92.7536231884058,22.58064516129032,76.05633802816901,70.37037037037037,86.0,77.41935483870968,81.81818181818183,40.54054054054054,63.63636363636363
2023-07-04,766.4978219536159,94.66666666666667,60.65573770491803,92.7536231884058,22.58064516129032,76.05633802816901,70.37037037037037,86.0,77.41935483870968,81.81818181818183,40.54054054054054,63.63636363636363
2023-07-05,761.1396344831545,96.0,59.01639344262295,92.7536231884058,41.935483870967744,74.64788732394366,59.25925925925925,84.0,83.87096774193549,77.27272727272727,37.83783783783784,54.54545454545454
2023-07-06,679.7994485849362,93.33333333333333,55.73770491803278,92.7536231884058,29.03225806451613,69.01408450704226,48.148148148148145,76.0,80.64516129032258,72.72727272727273,35.13513513513514,27.27272727272727
2023-07-07,712.6795813457193,92.0,45.90163934426229,92.7536231884058,25.806451612903224,70.4225352112676,62.96296296296296,78.0,74.19354838709677,72.72727272727273,29.72972972972973,68.18181818181817
2023-07-10,734.6678836632758,93.33333333333333,55.73770491803278,92.7536231884058,22.58064516129032,73.23943661971832,70.37037037037037,84.0,77.41935483870968,68.18181818181817,24.324324324324326,72.72727272727273
2023-07-11,816.4900899735464,98.66666666666667,59.01639344262295,92.7536231884058,29.03225806451613,77.46478873239437,74.07407407407408,90.0,90.32258064516128,81.81818181818183,32.432432432432435,90.9090909090909
2023-07-12,851.1364963080464,97.33333333333334,57.377049180327866,94.20289855072464,58.06451612903226,80.28169014084507,77.77777777777779,92.0,87.09677419354838,81.81818181818183,29.72972972972973,95.45454545454545
2023-07-13,874.4235892050651,96.0,60.65573770491803,97.10144927536231,70.96774193548387,85.91549295774648,77.77777777777779,90.0,93.54838709677419,81.81818181818183,29.72972972972973,90.9090909090909
2023-07-14,851.7592542558651,96.0,63.934426229508205,94.20289855072464,67.74193548387096,78.87323943661971,77.77777777777779,90.0,93.54838709677419,77.27272727272727,35.13513513513514,77.27272727272727
2023-07-17,798.862259992266,96.0,62.295081967213115,97.10144927536231,32.25806451612903,81.69014084507043,74.07407407407408,90.0,83.87096774193549,72.72727272727273,27.027027027027028,81.81818181818183
2023-07-18,823.3557176302556,93.33333333333333,63.934426229508205,97.10144927536231,35.483870967741936,83.09859154929578,81.48148148148148,88.0,83.87096774193549,81.81818181818183,24.324324324324326,90.9090909090909
2023-07-19,857.7106068919373,94.66666666666667,70.49180327868852,95.65217391304348,58.06451612903226,84.50704225352112,85.18518518518519,90.0,90.32258064516128,68.18181818181817,29.72972972972973,90.9090909090909
2023-07-20,913.3619782186704,96.0,80.32786885245902,92.7536231884058,87.09677419354838,90.14084507042254,81.48148148148148,84.0,83.87096774193549,72.72727272727273,54.054054054054056,90.9090909090909
2023-07-21,942.3646918365375,94.66666666666667,85.24590163934425,94.20289855072464,100.0,88.73239436619718,81.48148148148148,86.0,87.09677419354838,72.72727272727273,56.75675675675676,95.45454545454545
2023-07-24,946.3386778289951,97.33333333333334,80.32786885245902,94.20289855072464,100.0,92.95774647887323,81.48148148148148,88.0,87.09677419354838,72.72727272727273,56.75675675675676,95.45454545454545
2023-07-25,942.0103136133068,94.66666666666667,80.32786885245902,94.20289855072464,100.0,88.73239436619718,85.18518518518519,86.0,87.09677419354838,68.18181818181817,62.16216216216216,95.45454545454545
2023-07-26,931.3215659724118,92.0,73.77049180327869,91.30434782608695,96.7741935483871,91.54929577464789,85.18518518518519,86.0,87.09677419354838,72.72727272727273,59.45945945945946,95.45454545454545
2023-07-27,872.2350099631669,86.66666666666667,70.49180327868852,89.85507246376811,87.09677419354838,85.91549295774648,85.18518518518519,76.0,74.19354838709677,68.18181818181817,48.64864864864865,100.0
2023-07-28,887.2330977941102,90.66666666666666,72.1311475409836,89.85507246376811,83.87096774193549,90.14084507042254,85.18518518518519,80.0,67.74193548387096,72.72727272727273,59.45945945945946,95.45454545454545
2023-07-31,888.0194537861775,88.0,68.85245901639344,89.85507246376811,87.09677419354838,90.14084507042254,85.18518518518519,82.0,70.96774193548387,77.27272727272727,48.64864864864865,100.0
2023-08-01,844.5532386647535,88.0,67.21311475409836,89.85507246376811,58.06451612903226,90.14084507042254,81.48148148148148,82.0,70.96774193548387,68.18181818181817,48.64864864864865,100.0
2023-08-02,801.196703992507,78.66666666666666,63.934426229508205,81.15942028985508,64.51612903225806,87.32394366197182,77.77777777777779,72.0,64.51612903225806,54.54545454545454,56.75675675675676,100.0
2023-08-03,717.4601964265756,74.66666666666667,59.01639344262295,78.26086956521739,19.35483870967742,85.91549295774648,70.37037037037037,70.0,54.83870967741935,59.09090909090909,45.94594594594595,100.0
2023-08-04,672.6831800736677,72.0,60.65573770491803,69.56521739130434,9.67741935483871,83.09859154929578,70.37037037037037,62.0,48.38709677419355,59.09090909090909,37.83783783783784,100.0
2023-08-07,726.0032103919795,74.66666666666667,60.65573770491803,72.46376811594203,19.35483870967742,85.91549295774648,74.07407407407408,68.0,61.29032258064516,63.63636363636363,45.94594594594595,100.0
2023-08-08,685.0758437986578,73.33333333333333,59.01639344262295,63.76811594202898,19.35483870967742,81.69014084507043,74.07407407407408,68.0,51.61290322580645,59.09090909090909,35.13513513513514,100.0
2023-08-09,662.3030722518508,70.66666666666667,59.01639344262295,55.072463768115945,19.35483870967742,80.28169014084507,66.66666666666666,60.0,51.61290322580645,59.09090909090909,40.54054054054054,100.0
2023-08-10,665.4050305569452,66.66666666666666,57.377049180327866,57.971014492753625,19.35483870967742,80.28169014084507,66.66666666666666,64.0,51.61290322580645,63.63636363636363,37.83783783783784,100.0
2023-08-11,653.3655151714084,64.0,55.73770491803278,44.927536231884055,19.35483870967742,74.64788732394366,70.37037037037037,57.99999999999999,61.29032258064516,59.09090909090909,45.94594594594595,100.0
2023-08-14,651.3926612976653,62.66666666666667,59.01639344262295,63.76811594202898,16.129032258064516,70.4225352112676,74.07407407407408,60.0,48.38709677419355,59.09090909090909,37.83783783783784,100.0
2023-08-15,571.9536340389656,53.333333333333336,55.73770491803278,52.17391304347826,12.903225806451612,59.154929577464785,62.96296296296296,50.0,38.70967741935484,59.09090909090909,32.432432432432435,95.45454545454545
2023-08-16,516.3907999361968,54.666666666666664,42.62295081967213,39.130434782608695,12.903225806451612,54.929577464788736,55.55555555555556,50.0,32.25806451612903,54.54545454545454,24.324324324324326,95.45454545454545
2023-08-17,431.04402877676023,45.33333333333333,36.0655737704918,36.231884057971016,9.67741935483871,52.112676056338024,48.148148148148145,32.0,22.58064516129032,31.818181818181817,21.62162162162162,95.45454545454545
2023-08-18,457.78950152223297,45.33333333333333,36.0655737704918,36.231884057971016,9.67741935483871,52.112676056338024,51.85185185185185,36.0,22.58064516129032,40.909090909090914,27.027027027027028,100.0
2023-08-21,431.17966616445534,44.0,40.98360655737705,42.028985507246375,9.67741935483871,49.29577464788733,48.148148148148145,28.000000000000004,12.903225806451612,31.818181818181817,24.324324324324326,100.0
2023-08-22,402.5234553828218,42.66666666666667,37.704918032786885,37.68115942028986,12.903225806451612,38.028169014084504,44.44444444444444,30.0,12.903225806451612,31.818181818181817,18.91891891891892,95.45454545454545
2023-08-23,471.8736951957224,50.66666666666667,40.98360655737705,52.17391304347826,12.903225806451612,43.66197183098591,44.44444444444444,36.0,25.806451612903224,45.45454545454545,24.324324324324326,95.45454545454545
2023-08-24,390.24161575066154,41.333333333333336,34.42622950819672,33.33333333333333,12.903225806451612,43.66197183098591,37.03703703703704,22.0,19.35483870967742,31.818181818181817,18.91891891891892,95.45454545454545
2023-08-25,407.054374008796,46.666666666666664,37.704918032786885,40.57971014492754,12.903225806451612,40.845070422535215,37.03703703703704,18.0,22.58064516129032,31.818181818181817,18.91891891891892,100.0
2023-08-28,441.9853861711386,49.333333333333336,39.34426229508197,47.82608695652174,12.903225806451612,43.66197183098591,44.44444444444444,22.0,29.03225806451613,31.818181818181817,21.62162162162162,100.0
2023-08-29,559.1281272977826,60.0,52.459016393442624,56.52173913043478,12.903225806451612,53.52112676056338,66.66666666666666,40.0,35.483870967741936,54.54545454545454,27.027027027027028,100.0
2023-08-30,567.7762829895745,61.33333333333333,52.459016393442624,63.76811594202898,12.903225806451612,52.112676056338024,66.66666666666666,42.0,32.25806451612903,54.54545454545454,29.72972972972973,100.0
2023-08-31,521.5138179590319,58.666666666666664,36.0655737704918,65.21739130434783,9.67741935483871,52.112676056338024,62.96296296296296,38.0,29.03225806451613,50.0,24.324324324324326,95.45454545454545
2023-09-01,529.3932710077021,60.0,39.34426229508197,68.11594202898551,9.67741935483871,60.56338028169014,66.66666666666666,44.0,19.35483870967742,50.0,16.216216216216218,95.45454545454545
2023-09-04,529.3932710077021,60.0,39.34426229508197,68.11594202898551,9.67741935483871,60.56338028169014,66.66666666666666,44.0,19.35483870967742,50.0,16.216216216216218,95.45454545454545
2023-09-05,452.2613272332868,41.333333333333336,29.508196721311474,69.56521739130434,9.67741935483871,49.29577464788733,55.55555555555556,30.0,12.903225806451612,45.45454545454545,13.513513513513514,95.45454545454545
2023-09-06,430.37178844256556,40.0,22.950819672131146,62.31884057971014,9.67741935483871,47.88732394366197,48.148148148148145,32.0,19.35483870967742,40.909090909090914,16.216216216216218,90.9090909090909
2023-09-07,437.685521984284,41.333333333333336,26.229508196721312,56.52173913043478,9.67741935483871,45.07042253521127,44.44444444444444,32.0,22.58064516129032,45.45454545454545,18.91891891891892,95.45454545454545
2023-09-08,421.574247818938,38.666666666666664,22.950819672131146,59.42028985507246,9.67741935483871,47.88732394366197,37.03703703703704,34.0,19.35483870967742,40.909090909090914,16.216216216216218,95.45454545454545
2023-09-11,449.71136688506004,40.0,27.86885245901639,57.971014492753625,16.129032258064516,49.29577464788733,40.74074074074074,38.0,22.58064516129032,45.45454545454545,16.216216216216218,95.45454545454545
2023-09-12,426.4744861498809,33.33333333333333,29.508196721311474,46.3768115942029,16.129032258064516,54.929577464788736,37.03703703703704,34.0,22.58064516129032,40.909090909090914,16.216216216216218,95.45454545454545
2023-09-13,412.88486316311355,24.0,27.86885245901639,46.3768115942029,25.806451612903224,54.929577464788736,37.03703703703704,30.0,16.129032258064516,36.36363636363637,18.91891891891892,95.45454545454545
2023-09-14,486.6302501731755,34.66666666666667,29.508196721311474,52.17391304347826,35.483870967741936,60.56338028169014,48.148148148148145,34.0,32.25806451612903,40.909090909090914,18.91891891891892,100.0
2023-09-15,429.07586707945256,26.666666666666668,29.508196721311474,37.68115942028986,41.935483870967744,54.929577464788736,37.03703703703704,28.000000000000004,22.58064516129032,40.909090909090914,18.91891891891892,90.9090909090909
2023-09-18,423.70548672698897,28.000000000000004,29.508196721311474,43.47826086956522,45.16129032258064,57.74647887323944,33.33333333333333,26.0,16.129032258064516,36.36363636363637,21.62162162162162,86.36363636363636
2023-09-19,389.21181903081725,24.0,31.147540983606557,39.130434782608695,35.483870967741936,52.112676056338024,33.33333333333333,24.0,12.903225806451612,31.818181818181817,18.91891891891892,86.36363636363636
2023-09-20,355.06030808260044,22.666666666666664,29.508196721311474,33.33333333333333,32.25806451612903,50.70422535211267,22.22222222222222,28.000000000000004,12.903225806451612,27.27272727272727,18.91891891891892,77.27272727272727
2023-09-21,254.2860842201322,13.333333333333334,21.311475409836063,24.637681159420293,19.35483870967742,39.436619718309856,14.814814814814813,10.0,9.67741935483871,27.27272727272727,10.81081081081081,63.63636363636363
2023-09-22,257.64884695736896,12.0,21.311475409836063,27.536231884057973,12.903225806451612,39.436619718309856,18.51851851851852,10.0,9.67741935483871,27.27272727272727,10.81081081081081,68.18181818181817
2023-09-25,273.8824417326401,16.0,24.59016393442623,27.536231884057973,12.903225806451612,40.845070422535215,22.22222222222222,12.0,9.67741935483871,27.27272727272727,8.108108108108109,72.72727272727273
2023-09-26,190.45758170260768,8.0,22.950819672131146,15.942028985507244,9.67741935483871,32.3943661971831,14.814814814814813,4.0,0.0,13.636363636363635,5.405405405405405,63.63636363636363
2023-09-27,213.135306450243,9.333333333333334,18.0327868852459,18.84057971014493,9.67741935483871,28.169014084507044,22.22222222222222,6.0,0.0,22.727272727272727,5.405405405405405,72.72727272727273
2023-09-28,260.74351162934755,18.666666666666668,19.672131147540984,24.637681159420293,9.67741935483871,29.577464788732392,22.22222222222222,10.0,0.0,36.36363636363637,8.108108108108109,81.81818181818183
2023-09-29,220.35136167487138,16.0,18.0327868852459,30.434782608695656,9.67741935483871,26.76056338028169,22.22222222222222,10.0,0.0,27.27272727272727,5.405405405405405,54.54545454545454
2023-10-02,189.53889045349513,8.0,18.0327868852459,30.434782608695656,6.451612903225806,21.12676056338028,14.814814814814813,8.0,0.0,31.818181818181817,5.405405405405405,45.45454545454545
2023-10-03,142.35470943459634,2.666666666666667,13.114754098360656,18.84057971014493,9.67741935483871,16.901408450704224,14.814814814814813,0.0,0.0,18.181818181818183,2.7027027027027026,45.45454545454545
2023-10-04,131.52965921380041,6.578947368421052,14.754098360655737,21.73913043478261,6.451612903225806,19.718309859154928,18.51851851851852,2.0,0.0,22.727272727272727,5.405405405405405,13.636363636363635
2023-10-05,138.86952946000335,6.578947368421052,18.0327868852459,23.18840579710145,9.67741935483871,21.12676056338028,18.51851851851852,4.0,3.225806451612903,22.727272727272727,2.7027027027027026,9.090909090909092
2023-10-06,183.98433028490177,14.473684210526317,19.672131147540984,31.88405797101449,9.67741935483871,25.352112676056336,22.22222222222222,8.0,0.0,31.818181818181817,2.7027027027027026,18.181818181818183
2023-10-09,260.8799574750107,22.36842105263158,24.59016393442623,40.57971014492754,9.67741935483871,25.352112676056336,18.51851851851852,8.0,0.0,50.0,2.7027027027027026,59.09090909090909
2023-10-10,281.62448198798796,23.684210526315788,27.86885245901639,42.028985507246375,9.67741935483871,25.352112676056336,22.22222222222222,8.0,6.451612903225806,54.54545454545454,2.7027027027027026,59.09090909090909
2023-10-11,317.8148093465975,35.526315789473685,27.86885245901639,50.72463768115942,12.903225806451612,28.169014084507044,25.925925925925924,12.0,12.903225806451612,54.54545454545454,2.7027027027027026,54.54545454545454
2023-10-12,275.2752970506769,26.31578947368421,22.950819672131146,46.3768115942029,12.903225806451612,25.352112676056336,22.22222222222222,10.0,6.451612903225806,45.45454545454545,2.7027027027027026,54.54545454545454
2023-10-13,262.6674628463269,21.052631578947366,22.950819672131146,42.028985507246375,12.903225806451612,25.352112676056336,14.814814814814813,4.0,3.225806451612903,45.45454545454545,2.7027027027027026,68.18181818181817
2023-10-16,340.99318374365225,34.21052631578947,26.229508196721312,43.47826086956522,19.35483870967742,32.3943661971831,18.51851851851852,18.0,16.129032258064516,50.0,5.405405405405405,77.27272727272727
2023-10-17,370.5945493810094,34.21052631578947,26.229508196721312,46.3768115942029,16.129032258064516,36.61971830985916,37.03703703703704,18.0,9.67741935483871,50.0,5.405405405405405,90.9090909090909
2023-10-18,305.7582827139731,21.052631578947366,26.229508196721312,36.231884057971016,12.903225806451612,30.985915492957744,14.814814814814813,14.000000000000002,3.225806451612903,45.45454545454545,5.405405405405405,95.45454545454545
2023-10-19,240.93188180810623,14.473684210526317,22.950819672131146,28.985507246376812,12.903225806451612,23.943661971830984,7.4074074074074066,8.0,3.225806451612903,36.36363636363637,5.405405405405405,77.27272727272727
2023-10-20,194.37476515453528,7.894736842105263,19.672131147540984,23.18840579710145,9.67741935483871,18.30985915492958,3.7037037037037033,6.0,3.225806451612903,31.818181818181817,2.7027027027027026,68.18181818181817
2023-10-23,176.50013779435997,9.210526315789473,19.672131147540984,20.28985507246377,9.67741935483871,15.492957746478872,0.0,4.0,0.0,40.909090909090914,2.7027027027027026,54.54545454545454
2023-10-24,198.24531045497048,11.842105263157894,19.672131147540984,24.637681159420293,16.129032258064516,21.12676056338028,0.0,8.0,3.225806451612903,50.0,2.7027027027027026,40.909090909090914
2023-10-25,153.4578377449111,10.526315789473683,19.672131147540984,10.144927536231885,16.129032258064516,23.943661971830984,0.0,4.0,0.0,27.27272727272727,5.405405405405405,36.36363636363637
2023-10-26,167.0213124631149,13.157894736842104,21.311475409836063,8.695652173913043,25.806451612903224,23.943661971830984,3.7037037037037033,4.0,6.451612903225806,18.181818181818183,5.405405405405405,36.36363636363637
2023-10-27,116.70429634891973,9.210526315789473,18.0327868852459,11.594202898550725,16.129032258064516,15.492957746478872,14.814814814814813,6.0,0.0,18.181818181818183,2.7027027027027026,4.545454545454546
2023-10-30,144.96124861600484,13.157894736842104,19.672131147540984,13.043478260869565,19.35483870967742,23.943661971830984,11.11111111111111,12.0,0.0,22.727272727272727,5.405405405405405,4.545454545454546
2023-10-31,192.80283100462674,18.421052631578945,18.0327868852459,20.28985507246377,19.35483870967742,25.352112676056336,14.814814814814813,16.0,9.67741935483871,31.818181818181817,5.405405405405405,13.636363636363635
2023-11-01,252.48918376116916,21.052631578947366,18.0327868852459,26.08695652173913,38.70967741935484,26.76056338028169,18.51851851851852,20.0,16.129032258064516,36.36363636363637,8.108108108108109,22.727272727272727
2023-11-02,394.48620018848607,36.84210526315789,27.86885245901639,40.57971014492754,58.06451612903226,40.845070422535215,22.22222222222222,30.0,35.483870967741936,36.36363636363637,16.216216216216218,50.0
2023-11-03,497.500226859533,42.10526315789473,32.78688524590164,49.275362318840585,67.74193548387096,57.74647887323944,44.44444444444444,38.0,41.935483870967744,68.18181818181817,18.91891891891892,36.36363636363637
2023-11-06,460.8346446559547,43.42105263157895,37.704918032786885,49.275362318840585,61.29032258064516,53.52112676056338,29.629629629629626,42.0,38.70967741935484,54.54545454545454,18.91891891891892,31.818181818181817
2023-11-07,446.29156601766243,43.42105263157895,37.704918032786885,55.072463768115945,61.29032258064516,52.112676056338024,25.925925925925924,46.0,32.25806451612903,54.54545454545454,24.324324324324326,13.636363636363635
2023-11-08,419.2865893742525,40.78947368421053,29.508196721311474,60.86956521739131,51.61290322580645,54.929577464788736,25.925925925925924,44.0,35.483870967741936,50.0,21.62162162162162,4.545454545454546
2023-11-09,377.53809313569434,38.15789473684211,21.311475409836063,60.86956521739131,38.70967741935484,47.88732394366197,25.925925925925924,40.0,25.806451612903224,50.0,24.324324324324326,4.545454545454546
2023-11-10,439.9366254500343,47.368421052631575,29.508196721311474,66.66666666666666,45.16129032258064,59.154929577464785,29.629629629629626,50.0,29.03225806451613,50.0,24.324324324324326,9.090909090909092
2023-11-13,422.18307712716876,46.05263157894737,36.0655737704918,66.66666666666666,29.03225806451613,59.154929577464785,25.925925925925924,50.0,32.25806451612903,40.909090909090914,27.027027027027028,9.090909090909092
2023-11-14,647.7128316965376,64.47368421052632,40.98360655737705,79.71014492753623,70.96774193548387,76.05633802816901,55.55555555555556,64.0,64.51612903225806,68.18181818181817,40.54054054054054,22.727272727272727
2023-11-15,679.7098770757367,67.10526315789474,47.540983606557376,81.15942028985508,67.74193548387096,80.28169014084507,66.66666666666666,66.0,64.51612903225806,72.72727272727273,43.24324324324324,22.727272727272727
2023-11-16,654.4166621926579,63.1578947368421,49.18032786885246,76.81159420289855,70.96774193548387,80.28169014084507,62.96296296296296,62.0,61.29032258064516,72.72727272727273,45.94594594594595,9.090909090909092
2023-11-17,683.1647365783899,68.42105263157895,45.90163934426229,78.26086956521739,77.41935483870968,84.50704225352112,66.66666666666666,62.0,61.29032258064516,72.72727272727273,43.24324324324324,22.727272727272727
2023-11-20,687.3608350943548,72.36842105263158,49.18032786885246,81.15942028985508,74.19354838709677,84.50704225352112,66.66666666666666,62.0,61.29032258064516,72.72727272727273,40.54054054054054,22.727272727272727
2023-11-21,692.5431033451885,69.73684210526315,57.377049180327866,79.71014492753623,70.96774193548387,81.69014084507043,70.37037037037037,60.0,61.29032258064516,72.72727272727273,45.94594594594595,22.727272727272727
2023-11-22,726.9719000800374,69.73684210526315,60.65573770491803,78.26086956521739,77.41935483870968,83.09859154929578,70.37037037037037,68.0,64.51612903225806,72.72727272727273,59.45945945945946,22.727272727272727
2023-11-23,726.9719000800374,69.73684210526315,60.65573770491803,78.26086956521739,77.41935483870968,83.09859154929578,70.37037037037037,68.0,64.51612903225806,72.72727272727273,59.45945945945946,22.727272727272727
2023-11-24,750.378606542611,76.31578947368422,62.295081967213115,81.15942028985508,80.64516129032258,85.91549295774648,66.66666666666666,68.0,64.51612903225806,77.27272727272727,64.86486486486487,22.727272727272727
2023-11-27,750.0169308574074,72.36842105263158,60.65573770491803,82.6086956521739,83.87096774193549,83.09859154929578,70.37037037037037,68.0,67.74193548387096,77.27272727272727,56.75675675675676,27.27272727272727
2023-11-28,758.6735423848733,71.05263157894737,59.01639344262295,81.15942028985508,90.32258064516128,87.32394366197182,74.07407407407408,68.0,70.96774193548387,72.72727272727273,56.75675675675676,27.27272727272727
2023-11-29,750.428031711268,73.68421052631578,57.377049180327866,85.5072463768116,83.87096774193549,90.14084507042254,74.07407407407408,68.0,70.96774193548387,72.72727272727273,51.35135135135135,22.727272727272727
2023-11-30,789.9412061949798,77.63157894736842,65.57377049180327,85.5072463768116,93.54838709677419,97.1830985915493,77.77777777777779,70.0,74.19354838709677,63.63636363636363,62.16216216216216,22.727272727272727
2023-12-01,846.4764323774257,88.1578947368421,63.934426229508205,91.30434782608695,96.7741935483871,97.1830985915493,77.77777777777779,78.0,90.32258064516128,68.18181818181817,67.56756756756756,27.27272727272727
2023-12-04,856.2251204338257,89.47368421052632,72.1311475409836,86.95652173913044,93.54838709677419,97.1830985915493,74.07407407407408,76.0,90.32258064516128,68.18181818181817,81.08108108108108,27.27272727272727
2023-12-05,819.1250477927562,82.89473684210526,73.77049180327869,84.05797101449275,96.7741935483871,97.1830985915493,70.37037037037037,72.0,93.54838709677419,63.63636363636363,62.16216216216216,22.727272727272727
2023-12-06,827.4862242588475,84.21052631578947,73.77049180327869,82.6086956521739,96.7741935483871,94.36619718309859,70.37037037037037,76.0,100.0,63.63636363636363,67.56756756756756,18.181818181818183
2023-12-07,840.5457862618041,85.52631578947368,72.1311475409836,82.6086956521739,96.7741935483871,91.54929577464789,74.07407407407408,74.0,100.0,77.27272727272727,72.97297297297297,13.636363636363635
2023-12-08,846.7968058230116,85.52631578947368,73.77049180327869,84.05797101449275,93.54838709677419,91.54929577464789,74.07407407407408,74.0,100.0,77.27272727272727,70.27027027027027,22.727272727272727
2023-12-11,870.1230050539157,89.47368421052632,80.32786885245902,86.95652173913044,100.0,95.77464788732394,74.07407407407408,82.0,96.7741935483871,72.72727272727273,78.37837837837837,13.636363636363635
2023-12-12,859.5302095886638,89.47368421052632,81.9672131147541,88.40579710144928,96.7741935483871,98.59154929577466,66.66666666666666,82.0,100.0,68.18181818181817,78.37837837837837,9.090909090909092
2023-12-13,911.635985777077,94.73684210526315,86.88524590163934,94.20289855072464,100.0,97.1830985915493,77.77777777777779,88.0,100.0,72.72727272727273,86.48648648648648,13.636363636363635
2023-12-14,924.0074501254971,92.10526315789474,88.52459016393442,97.10144927536231,90.32258064516128,90.14084507042254,88.88888888888889,94.0,100.0,77.27272727272727,78.37837837837837,27.27272727272727
2023-12-15,908.4194707057487,92.10526315789474,86.88524590163934,95.65217391304348,90.32258064516128,88.73239436619718,88.88888888888889,92.0,100.0,77.27272727272727,78.37837837837837,18.181818181818183
2023-12-18,933.1221214850198,93.42105263157895,88.52459016393442,95.65217391304348,90.32258064516128,90.14084507042254,88.88888888888889,96.0,100.0,81.81818181818183,81.08108108108108,27.27272727272727
2023-12-19,949.5538490546272,92.10526315789474,88.52459016393442,95.65217391304348,90.32258064516128,91.54929577464789,88.88888888888889,96.0,100.0,86.36363636363636,83.78378378378379,36.36363636363637
2023-12-20,898.3674640545707,89.47368421052632,85.24590163934425,94.20289855072464,83.87096774193549,87.32394366197182,88.88888888888889,90.0,100.0,86.36363636363636,70.27027027027027,22.727272727272727
2023-12-21,930.9552823784703,89.47368421052632,86.88524590163934,94.20289855072464,87.09677419354838,91.54929577464789,92.5925925925926,98.0,100.0,86.36363636363636,72.97297297297297,31.818181818181817
2023-12-22,947.3472307905139,89.47368421052632,90.1639344262295,94.20289855072464,83.87096774193549,91.54929577464789,92.5925925925926,98.0,100.0,86.36363636363636,75.67567567567568,45.45454545454545
2023-12-25,947.3472307905139,89.47368421052632,90.1639344262295,94.20289855072464,83.87096774193549,91.54929577464789,92.5925925925926,98.0,100.0,86.36363636363636,75.67567567567568,45.45454545454545
2023-12-26,972.4770513040356,90.78947368421053,90.1639344262295,94.20289855072464,87.09677419354838,91.54929577464789,96.29629629629629,94.0,100.0,86.36363636363636,78.37837837837837,63.63636363636363
2023-12-27,963.6813952126049,90.78947368421053,90.1639344262295,94.20289855072464,87.09677419354838,90.14084507042254,100.0,92.0,100.0,86.36363636363636,78.37837837837837,54.54545454545454
2023-12-28,932.7949472582452,92.10526315789474,90.1639344262295,94.20289855072464,83.87096774193549,90.14084507042254,96.29629629629629,94.0,100.0,86.36363636363636,78.37837837837837,27.27272727272727
2023-12-29,935.174095172337,93.42105263157895,88.52459016393442,94.20289855072464,83.87096774193549,90.14084507042254,96.29629629629629,94.0,100.0,86.36363636363636,81.08108108108108,27.27272727272727
2024-01-01,935.174095172337,93.42105263157895,88.52459016393442,94.20289855072464,83.87096774193549,90.14084507042254,96.29629629629629,94.0,100.0,86.36363636363636,81.08108108108108,27.27272727272727
2024-01-02,961.0276649107776,92.10526315789474,93.44262295081968,91.30434782608695,83.87096774193549,90.14084507042254,96.29629629629629,92.0,100.0,90.9090909090909,94.5945945945946,36.36363636363637
2024-01-03,967.518246643184,90.78947368421053,93.44262295081968,88.40579710144928,87.09677419354838,90.14084507042254,96.29629629629629,84.0,100.0,86.36363636363636,91.8918918918919,59.09090909090909
2024-01-04,928.3971050020664,89.47368421052632,91.80327868852459,84.05797101449275,87.09677419354838,90.14084507042254,96.29629629629629,84.0,100.0,81.81818181818183,91.8918918918919,31.818181818181817
2024-01-05,932.5452116152292,88.1578947368421,93.44262295081968,84.05797101449275,87.09677419354838,90.14084507042254,92.5925925925926,86.0,100.0,90.9090909090909,83.78378378378379,36.36363636363637
2024-01-08,948.5612809016884,92.10526315789474,95.08196721311475,89.85507246376811,90.32258064516128,91.54929577464789,85.18518518518519,88.0,100.0,95.45454545454545,89.1891891891892,31.818181818181817
2024-01-09,928.4959243080988,90.78947368421053,93.44262295081968,89.85507246376811,83.87096774193549,90.14084507042254,77.77777777777779,88.0,100.0,95.45454545454545,91.8918918918919,27.27272727272727
2024-01-10,912.9434602802423,93.42105263157895,93.44262295081968,91.30434782608695,83.87096774193549,91.54929577464789,77.77777777777779,86.0,100.0,90.9090909090909,86.48648648648648,18.181818181818183
2024-01-11,899.1140628603821,93.42105263157895,93.44262295081968,89.85507246376811,74.19354838709677,91.54929577464789,77.77777777777779,86.0,100.0,86.36363636363636,83.78378378378379,22.727272727272727
2024-01-12,895.8841656094196,92.10526315789474,90.1639344262295,88.40579710144928,74.19354838709677,92.95774647887323,77.77777777777779,82.0,100.0,86.36363636363636,89.1891891891892,22.727272727272727
2024-01-15,895.8841656094196,92.10526315789474,90.1639344262295,88.40579710144928,74.19354838709677,92.95774647887323,77.77777777777779,82.0,100.0,86.36363636363636,89.1891891891892,22.727272727272727
2024-01-16,871.8820501460127,88.1578947368421,88.52459016393442,86.95652173913044,67.74193548387096,92.95774647887323,74.07407407407408,86.0,100.0,86.36363636363636,78.37837837837837,22.727272727272727
2024-01-17,808.075140341908,88.1578947368421,88.52459016393442,82.6086956521739,45.16129032258064,92.95774647887323,66.66666666666666,78.0,90.32258064516128,81.81818181818183,75.67567567567568,18.181818181818183
2024-01-18,795.9012101859049,94.73684210526315,88.52459016393442,86.95652173913044,19.35483870967742,94.36619718309859,66.66666666666666,82.0,90.32258064516128,81.81818181818183,72.97297297297297,18.181818181818183
2024-01-19,796.3833964644848,88.1578947368421,86.88524590163934,88.40579710144928,16.129032258064516,95.77464788732394,66.66666666666666,86.0,93.54838709677419,86.36363636363636,70.27027027027027,18.181818181818183
2024-01-22,797.5940621472296,93.42105263157895,88.52459016393442,92.7536231884058,12.903225806451612,94.36619718309859,66.66666666666666,86.0,93.54838709677419,86.36363636363636,64.86486486486487,18.181818181818183
2024-01-23,817.0643711659258,93.42105263157895,88.52459016393442,92.7536231884058,12.903225806451612,94.36619718309859,77.77777777777779,90.0,87.09677419354838,86.36363636363636,75.67567567567568,18.181818181818183
2024-01-24,770.4036446632332,90.78947368421053,86.88524590163934,92.7536231884058,9.67741935483871,94.36619718309859,59.25925925925925,88.0,77.41935483870968,86.36363636363636,62.16216216216216,22.727272727272727
2024-01-25,836.3887971035437,92.10526315789474,85.24590163934425,91.30434782608695,16.129032258064516,92.95774647887323,70.37037037037037,90.0,87.09677419354838,86.36363636363636,70.27027027027027,54.54545454545454
2024-01-26,814.9076466585655,89.47368421052632,83.60655737704919,88.40579710144928,12.903225806451612,91.54929577464789,70.37037037037037,90.0,77.41935483870968,86.36363636363636,70.27027027027027,54.54545454545454
2024-01-29,828.4391128704775,92.10526315789474,83.60655737704919,89.85507246376811,19.35483870967742,91.54929577464789,66.66666666666666,94.0,77.41935483870968,86.36363636363636,72.97297297297297,54.54545454545454
2024-01-30,819.0935830950351,90.78947368421053,85.24590163934425,85.5072463768116,19.35483870967742,92.95774647887323,74.07407407407408,90.0,70.96774193548387,86.36363636363636,78.37837837837837,45.45454545454545
2024-01-31,718.8180539537093,78.94736842105263,81.9672131147541,76.81159420289855,16.129032258064516,90.14084507042254,48.148148148148145,82.0,58.06451612903226,90.9090909090909,72.97297297297297,22.727272727272727
2024-02-01,815.1758280600679,82.89473684210526,85.24590163934425,81.15942028985508,58.06451612903226,81.69014084507043,59.25925925925925,88.0,74.19354838709677,90.9090909090909,86.48648648648648,27.27272727272727
2024-02-02,738.9383553783559,84.21052631578947,75.40983606557377,79.71014492753623,19.35483870967742,85.91549295774648,55.55555555555556,86.0,58.06451612903226,81.81818181818183,81.08108108108108,31.818181818181817
2024-02-05,625.6186645266077,78.94736842105263,70.49180327868852,78.26086956521739,12.903225806451612,80.28169014084507,48.148148148148145,70.0,22.58064516129032,77.27272727272727,59.45945945945946,27.27272727272727
2024-02-06,679.250439042559,81.57894736842105,81.9672131147541,81.15942028985508,12.903225806451612,78.87323943661971,51.85185185185185,82.0,32.25806451612903,77.27272727272727,67.56756756756756,31.818181818181817
2024-02-07,659.6281929279322,84.21052631578947,81.9672131147541,84.05797101449275,12.903225806451612,81.69014084507043,55.55555555555556,78.0,29.03225806451613,63.63636363636363,56.75675675675676,31.818181818181817
2024-02-08,673.0063837088918,84.21052631578947,80.32786885245902,85.5072463768116,9.67741935483871,77.46478873239437,55.55555555555556,84.0,32.25806451612903,63.63636363636363,59.45945945945946,40.909090909090914
2024-02-09,654.2334743402558,82.89473684210526,81.9672131147541,88.40579710144928,12.903225806451612,81.69014084507043,59.25925925925925,78.0,32.25806451612903,59.09090909090909,45.94594594594595,31.818181818181817
2024-02-12,687.855999455017,84.21052631578947,80.32786885245902,88.40579710144928,12.903225806451612,87.32394366197182,59.25925925925925,76.0,29.03225806451613,72.72727272727273,56.75675675675676,40.909090909090914
2024-02-13,567.6003492035129,76.31578947368422,68.85245901639344,69.56521739130434,9.67741935483871,67.6056338028169,48.148148148148145,68.0,22.58064516129032,54.54545454545454,45.94594594594595,36.36363636363637
2024-02-14,616.4447993917661,81.57894736842105,73.77049180327869,79.71014492753623,9.67741935483871,76.05633802816901,55.55555555555556,70.0,32.25806451612903,63.63636363636363,37.83783783783784,36.36363636363637
2024-02-15,697.576863715488,81.57894736842105,77.04918032786885,81.15942028985508,25.806451612903224,84.50704225352112,55.55555555555556,74.0,48.38709677419355,72.72727272727273,51.35135135135135,45.45454545454545
2024-02-16,662.4511390926195,73.68421052631578,73.77049180327869,76.81159420289855,25.806451612903224,80.28169014084507,59.25925925925925,70.0,38.70967741935484,72.72727272727273,45.94594594594595,45.45454545454545
2024-02-19,662.4511390926195,73.68421052631578,73.77049180327869,76.81159420289855,25.806451612903224,80.28169014084507,59.25925925925925,70.0,38.70967741935484,72.72727272727273,45.94594594594595,45.45454545454545
2024-02-20,640.5755304049188,75.0,72.1311475409836,72.46376811594203,19.35483870967742,73.23943661971832,55.55555555555556,68.0,29.03225806451613,68.18181818181817,62.16216216216216,45.45454545454545
2024-02-21,695.0311942267492,73.68421052631578,78.68852459016394,72.46376811594203,45.16129032258064,73.23943661971832,55.55555555555556,70.0,32.25806451612903,68.18181818181817,62.16216216216216,63.63636363636363
2024-02-22,690.4041083593764,77.63157894736842,80.32786885245902,78.26086956521739,22.58064516129032,76.05633802816901,59.25925925925925,80.0,32.25806451612903,63.63636363636363,56.75675675675676,63.63636363636363
2024-02-23,733.9468288902001,78.94736842105263,81.9672131147541,73.91304347826086,41.935483870967744,78.87323943661971,66.66666666666666,80.0,32.25806451612903,63.63636363636363,67.56756756756756,68.18181818181817
2024-02-26,638.0323064655753,78.94736842105263,77.04918032786885,75.36231884057972,16.129032258064516,69.01408450704226,59.25925925925925,72.0,22.58064516129032,54.54545454545454,54.054054054054056,59.09090909090909
2024-02-27,667.9441582971256,77.63157894736842,77.04918032786885,72.46376811594203,25.806451612903224,77.46478873239437,62.96296296296296,76.0,29.03225806451613,54.54545454545454,51.35135135135135,63.63636363636363
2024-02-28,670.7201538394958,78.94736842105263,72.1311475409836,73.91304347826086,25.806451612903224,73.23943661971832,62.96296296296296,76.0,35.483870967741936,54.54545454545454,54.054054054054056,63.63636363636363
2024-02-29,702.5742942876026,78.94736842105263,70.49180327868852,79.71014492753623,29.03225806451613,77.46478873239437,62.96296296296296,78.0,41.935483870967744,54.54545454545454,56.75675675675676,72.72727272727273
2024-03-01,700.761948208705,78.94736842105263,68.85245901639344,85.5072463768116,29.03225806451613,76.05633802816901,66.66666666666666,76.0,41.935483870967744,50.0,45.94594594594595,81.81818181818183
2024-03-04,742.2048603998828,77.63157894736842,75.40983606557377,85.5072463768116,51.61290322580645,83.09859154929578,66.66666666666666,76.0,61.29032258064516,45.45454545454545,51.35135135135135,68.18181818181817
2024-03-05,718.7669731792877,76.31578947368422,70.49180327868852,73.91304347826086,45.16129032258064,83.09859154929578,62.96296296296296,76.0,61.29032258064516,45.45454545454545,51.35135135135135,72.72727272727273
2024-03-06,747.4263591806009,77.63157894736842,73.77049180327869,78.26086956521739,58.06451612903226,84.50704225352112,62.96296296296296,76.0,61.29032258064516,45.45454545454545,56.75675675675676,72.72727272727273
2024-03-07,798.970329950081,81.57894736842105,75.40983606557377,86.95652173913044,70.96774193548387,85.91549295774648,70.37037037037037,76.0,67.74193548387096,45.45454545454545,56.75675675675676,81.81818181818183
2024-03-08,807.3615780281146,78.94736842105263,73.77049180327869,84.05797101449275,70.96774193548387,85.91549295774648,74.07407407407408,76.0,74.19354838709677,40.909090909090914,62.16216216216216,86.36363636363636
2024-03-11,852.0060074888135,78.94736842105263,73.77049180327869,85.5072463768116,83.87096774193549,85.91549295774648,81.48148148148148,78.0,74.19354838709677,54.54545454545454,64.86486486486487,90.9090909090909
2024-03-12,831.465006573929,77.63157894736842,73.77049180327869,86.95652173913044,70.96774193548387,85.91549295774648,81.48148148148148,78.0,70.96774193548387,50.0,64.86486486486487,90.9090909090909
2024-03-13,827.3194973276594,80.26315789473685,73.77049180327869,82.6086956521739,70.96774193548387,85.91549295774648,81.48148148148148,78.0,61.29032258064516,50.0,67.56756756756756,95.45454545454545
2024-03-14,772.6644394208741,80.26315789473685,65.57377049180327,69.56521739130434,61.29032258064516,81.69014084507043,81.48148148148148,76.0,41.935483870967744,54.54545454545454,64.86486486486487,95.45454545454545
2024-03-15,760.7743874850934,77.63157894736842,68.85245901639344,65.21739130434783,70.96774193548387,78.87323943661971,81.48148148148148,74.0,51.61290322580645,36.36363636363637,64.86486486486487,90.9090909090909
2024-03-18,771.2667242032953,76.31578947368422,63.934426229508205,65.21739130434783,70.96774193548387,77.46478873239437,77.77777777777779,76.0,45.16129032258064,50.0,72.97297297297297,95.45454545454545
2024-03-19,794.4330606225594,80.26315789473685,65.57377049180327,65.21739130434783,77.41935483870968,84.50704225352112,77.77777777777779,76.0,48.38709677419355,45.45454545454545,78.37837837837837,95.45454545454545
2024-03-20,831.1967560083455,89.47368421052632,63.934426229508205,73.91304347826086,74.19354838709677,88.73239436619718,81.48148148148148,80.0,48.38709677419355,54.54545454545454,81.08108108108108,95.45454545454545
2024-03-21,844.6304909055086,92.10526315789474,68.85245901639344,75.36231884057972,67.74193548387096,91.54929577464789,85.18518518518519,82.0,51.61290322580645,59.09090909090909,75.67567567567568,95.45454545454545
2024-03-22,814.9062315676874,86.8421052631579,63.934426229508205,75.36231884057972,67.74193548387096,87.32394366197182,81.48148148148148,80.0,48.38709677419355,50.0,78.37837837837837,95.45454545454545
2024-03-25,796.360834428801,84.21052631578947,63.934426229508205,72.46376811594203,64.51612903225806,87.32394366197182,77.77777777777779,78.0,45.16129032258064,54.54545454545454,72.97297297297297,95.45454545454545
2024-03-26,782.7425154716616,82.89473684210526,63.934426229508205,69.56521739130434,54.83870967741935,87.32394366197182,77.77777777777779,78.0,35.483870967741936,59.09090909090909,78.37837837837837,95.45454545454545
2024-03-27,911.9820130207611,88.1578947368421,70.49180327868852,81.15942028985508,87.09677419354838,90.14084507042254,96.29629629629629,84.0,64.51612903225806,63.63636363636363,86.48648648648648,100.0
2024-03-28,936.0015440134861,88.1578947368421,70.49180327868852,81.15942028985508,93.54838709677419,91.54929577464789,96.29629629629629,86.0,67.74193548387096,77.27272727272727,83.78378378378379,100.0
2024-03-29,936.0015440134861,88.1578947368421,70.49180327868852,81.15942028985508,93.54838709677419,91.54929577464789,96.29629629629629,86.0,67.74193548387096,77.27272727272727,83.78378378378379,100.0
2024-04-01,894.5866090982342,84.4155844155844,67.74193548387096,81.15942028985508,87.09677419354838,90.14084507042254,96.29629629629629,86.0,51.61290322580645,63.63636363636363,86.48648648648648,100.0
2024-04-02,818.9271899748956,83.11688311688312,59.67741935483871,66.66666666666666,90.32258064516128,87.32394366197182,88.88888888888889,74.0,38.70967741935484,54.54545454545454,75.67567567567568,100.0
2024-04-03,823.6084663953025,77.92207792207793,56.451612903225815,71.01449275362319,90.32258064516128,87.32394366197182,88.88888888888889,74.0,41.935483870967744,68.18181818181817,67.56756756756756,100.0
2024-04-04,757.0736942314288,72.72727272727273,51.61290322580645,62.31884057971014,87.09677419354838,81.69014084507043,85.18518518518519,68.0,29.03225806451613,54.54545454545454,64.86486486486487,100.0
2024-04-05,806.8029666451332,79.22077922077922,54.83870967741935,68.11594202898551,90.32258064516128,81.69014084507043,88.88888888888889,70.0,51.61290322580645,54.54545454545454,67.56756756756756,100.0
2024-04-08,829.9695505628382,80.51948051948052,56.451612903225815,71.01449275362319,90.32258064516128,87.32394366197182,85.18518518518519,72.0,67.74193548387096,54.54545454545454,64.86486486486487,100.0
2024-04-09,857.1023192893489,80.51948051948052,58.06451612903226,75.36231884057972,96.7741935483871,83.09859154929578,96.29629629629629,72.0,77.41935483870968,50.0,67.56756756756756,100.0
2024-04-10,710.1768847776789,68.83116883116884,51.61290322580645,57.971014492753625,74.19354838709677,70.4225352112676,85.18518518518519,57.99999999999999,35.483870967741936,40.909090909090914,67.56756756756756,100.0
2024-04-11,684.4035865599582,68.83116883116884,51.61290322580645,62.31884057971014,64.51612903225806,56.33802816901409,85.18518518518519,56.00000000000001,41.935483870967744,40.909090909090914,56.75675675675676,100.0
2024-04-12,554.4834029552043,62.33766233766234,29.03225806451613,39.130434782608695,64.51612903225806,45.07042253521127,74.07407407407408,44.0,25.806451612903224,27.27272727272727,43.24324324324324,100.0
2024-04-15,464.58647816129593,53.246753246753244,27.419354838709676,28.985507246376812,41.935483870967744,39.436619718309856,66.66666666666666,24.0,9.67741935483871,27.27272727272727,45.94594594594595,100.0
2024-04-16,412.2033462757639,49.35064935064935,20.967741935483872,31.88405797101449,22.58064516129032,29.577464788732392,55.55555555555556,24.0,3.225806451612903,31.818181818181817,43.24324324324324,100.0
2024-04-17,442.08551974591126,48.05194805194805,14.516129032258066,20.28985507246377,58.06451612903226,26.76056338028169,55.55555555555556,26.0,9.67741935483871,36.36363636363637,51.35135135135135,95.45454545454545
2024-04-18,464.3683051276438,44.15584415584416,12.903225806451612,17.391304347826086,77.41935483870968,32.3943661971831,51.85185185185185,30.0,9.67741935483871,36.36363636363637,56.75675675675676,95.45454545454545
2024-04-19,504.8394925112228,44.15584415584416,19.35483870967742,13.043478260869565,87.09677419354838,50.70422535211267,51.85185185185185,28.000000000000004,19.35483870967742,36.36363636363637,59.45945945945946,95.45454545454545
2024-04-22,549.5919206932778,45.45454545454545,17.741935483870968,14.492753623188406,93.54838709677419,59.154929577464785,55.55555555555556,32.0,32.25806451612903,36.36363636363637,67.56756756756756,95.45454545454545
2024-04-23,572.9799810320917,50.649350649350644,25.806451612903224,15.942028985507244,100.0,60.56338028169014,51.85185185185185,36.0,35.483870967741936,40.909090909090914,64.86486486486487,90.9090909090909
2024-04-24,570.894529019887,48.05194805194805,27.419354838709676,18.84057971014493,100.0,57.74647887323944,40.74074074074074,40.0,38.70967741935484,40.909090909090914,67.56756756756756,90.9090909090909
2024-04-25,553.2034066113042,48.05194805194805,22.58064516129032,30.434782608695656,100.0,52.112676056338024,33.33333333333333,34.0,38.70967741935484,36.36363636363637,62.16216216216216,95.45454545454545
2024-04-26,572.0029838012573,48.05194805194805,22.58064516129032,33.33333333333333,96.7741935483871,47.88732394366197,48.148148148148145,32.0,48.38709677419355,36.36363636363637,67.56756756756756,90.9090909090909
2024-04-29,617.7113927490238,50.649350649350644,24.193548387096776,37.68115942028986,96.7741935483871,52.112676056338024,70.37037037037037,40.0,48.38709677419355,36.36363636363637,70.27027027027027,90.9090909090909
2024-04-30,530.0471438236091,44.15584415584416,20.967741935483872,33.33333333333333,96.7741935483871,42.25352112676056,48.148148148148145,28.000000000000004,45.16129032258064,27.27272727272727,62.16216216216216,81.81818181818183
2024-05-01,511.4943586755214,44.15584415584416,25.806451612903224,23.18840579710145,96.7741935483871,47.88732394366197,44.44444444444444,26.0,41.935483870967744,31.818181818181817,56.75675675675676,72.72727272727273
2024-05-02,541.621362289043,41.55844155844156,25.806451612903224,27.536231884057973,96.7741935483871,49.29577464788733,55.55555555555556,30.0,48.38709677419355,31.818181818181817,62.16216216216216,72.72727272727273
2024-05-03,574.4412407829037,44.15584415584416,27.419354838709676,33.33333333333333,96.7741935483871,54.929577464788736,62.96296296296296,32.0,51.61290322580645,36.36363636363637,62.16216216216216,72.72727272727273
2024-05-06,628.6391872374924,53.246753246753244,32.25806451612903,44.927536231884055,100.0,67.6056338028169,66.66666666666666,36.0,54.83870967741935,40.909090909090914,59.45945945945946,72.72727272727273
2024-05-07,644.956928929234,50.649350649350644,35.483870967741936,40.57971014492754,100.0,71.83098591549296,70.37037037037037,40.0,54.83870967741935,40.909090909090914,67.56756756756756,72.72727272727273
2024-05-08,614.7090002384236,51.94805194805194,32.25806451612903,43.47826086956522,100.0,69.01408450704226,70.37037037037037,28.000000000000004,48.38709677419355,40.909090909090914,62.16216216216216,68.18181818181817
2024-05-09,666.5188430635362,57.14285714285714,45.16129032258064,44.927536231884055,100.0,70.4225352112676,70.37037037037037,36.0,61.29032258064516,40.909090909090914,67.56756756756756,72.72727272727273
2024-05-10,655.696672707162,58.44155844155844,43.54838709677419,47.82608695652174,100.0,69.01408450704226,66.66666666666666,36.0,54.83870967741935,45.45454545454545,70.27027027027027,63.63636363636363
2024-05-13,679.0948806045106,58.44155844155844,45.16129032258064,49.275362318840585,100.0,70.4225352112676,74.07407407407408,36.0,64.51612903225806,50.0,67.56756756756756,63.63636363636363
2024-05-14,699.3234227066674,55.84415584415584,50.0,53.62318840579711,100.0,71.83098591549296,74.07407407407408,40.0,64.51612903225806,63.63636363636363,62.16216216216216,63.63636363636363
2024-05-15,740.4312338252247,62.33766233766234,61.29032258064516,62.31884057971014,100.0,76.05633802816901,70.37037037037037,42.0,83.87096774193549,59.09090909090909,59.45945945945946,63.63636363636363
2024-05-16,709.2547280314501,53.246753246753244,64.51612903225806,60.86956521739131,100.0,77.46478873239437,59.25925925925925,42.0,80.64516129032258,54.54545454545454,62.16216216216216,54.54545454545454
2024-05-17,731.6328274751521,57.14285714285714,62.903225806451616,59.42028985507246,100.0,80.28169014084507,59.25925925925925,38.0,80.64516129032258,59.09090909090909,62.16216216216216,72.72727272727273
2024-05-20,706.8391050351819,54.54545454545454,58.06451612903226,60.86956521739131,100.0,77.46478873239437,55.55555555555556,40.0,64.51612903225806,63.63636363636363,59.45945945945946,72.72727272727273
2024-05-21,684.9314849143781,51.94805194805194,56.451612903225815,57.971014492753625,100.0,77.46478873239437,55.55555555555556,42.0,67.74193548387096,59.09090909090909,62.16216216216216,54.54545454545454
2024-05-22,644.9897735068902,50.649350649350644,54.83870967741935,62.31884057971014,100.0,66.19718309859155,55.55555555555556,36.0,64.51612903225806,68.18181818181817,59.45945945945946,27.27272727272727
2024-05-23,516.4037309763561,46.75324675324675,45.16129032258064,57.971014492753625,83.87096774193549,46.478873239436616,40.74074074074074,30.0,32.25806451612903,54.54545454545454,51.35135135135135,27.27272727272727
2024-05-24,557.2307209382847,45.45454545454545,46.774193548387096,57.971014492753625,83.87096774193549,56.33802816901409,51.85185185185185,34.0,38.70967741935484,63.63636363636363,51.35135135135135,27.27272727272727
2024-05-27,557.2307209382847,45.45454545454545,46.774193548387096,57.971014492753625,83.87096774193549,56.33802816901409,51.85185185185185,34.0,38.70967741935484,63.63636363636363,51.35135135135135,27.27272727272727
2024-05-28,503.6720910140897,37.66233766233766,40.32258064516129,56.52173913043478,83.87096774193549,39.436619718309856,55.55555555555556,32.0,32.25806451612903,54.54545454545454,35.13513513513514,36.36363636363637
2024-05-29,400.9689099305282,29.87012987012987,40.32258064516129,53.62318840579711,64.51612903225806,29.577464788732392,33.33333333333333,32.0,16.129032258064516,50.0,24.324324324324326,27.27272727272727
2024-05-30,484.23653592090864,35.064935064935064,38.70967741935484,50.72463768115942,83.87096774193549,38.028169014084504,40.74074074074074,34.0,45.16129032258064,59.09090909090909,27.027027027027028,31.818181818181817
2024-05-31,576.8660141057668,41.55844155844156,41.935483870967744,49.275362318840585,90.32258064516128,50.70422535211267,48.148148148148145,44.0,61.29032258064516,59.09090909090909,40.54054054054054,50.0
2024-06-03,566.047986960339,38.961038961038966,46.774193548387096,47.82608695652174,90.32258064516128,43.66197183098591,48.148148148148145,48.0,64.51612903225806,68.18181818181817,37.83783783783784,31.818181818181817
2024-06-04,541.9500633124875,38.961038961038966,50.0,49.275362318840585,96.7741935483871,32.3943661971831,44.44444444444444,40.0,67.74193548387096,63.63636363636363,40.54054054054054,18.181818181818183
2024-06-05,561.845327409241,40.25974025974026,46.774193548387096,62.31884057971014,87.09677419354838,36.61971830985916,44.44444444444444,46.0,67.74193548387096,72.72727272727273,35.13513513513514,22.727272727272727
2024-06-06,558.7452253304929,36.36363636363637,54.83870967741935,62.31884057971014,80.64516129032258,33.80281690140845,44.44444444444444,48.0,67.74193548387096,72.72727272727273,35.13513513513514,22.727272727272727
2024-06-07,540.2610518216864,37.66233766233766,58.06451612903226,59.42028985507246,77.41935483870968,40.845070422535215,40.74074074074074,42.0,58.06451612903226,72.72727272727273,35.13513513513514,18.181818181818183
2024-06-10,544.9230852136646,40.25974025974026,58.06451612903226,60.86956521739131,80.64516129032258,35.2112676056338,44.44444444444444,40.0,54.83870967741935,63.63636363636363,35.13513513513514,31.818181818181817
2024-06-11,503.5710706092153,37.66233766233766,48.38709677419355,59.42028985507246,77.41935483870968,22.535211267605636,40.74074074074074,36.0,58.06451612903226,63.63636363636363,32.432432432432435,27.27272727272727
2024-06-12,508.94102631530285,44.15584415584416,50.0,63.76811594202898,64.51612903225806,26.76056338028169,37.03703703703704,44.0,58.06451612903226,59.09090909090909,29.72972972972973,31.818181818181817
2024-06-13,491.49658780526175,40.25974025974026,48.38709677419355,65.21739130434783,61.29032258064516,23.943661971830984,37.03703703703704,42.0,64.51612903225806,59.09090909090909,27.027027027027028,22.727272727272727
2024-06-14,475.6616721529903,32.467532467532465,48.38709677419355,65.21739130434783,58.06451612903226,21.12676056338028,37.03703703703704,40.0,64.51612903225806,59.09090909090909,27.027027027027028,22.727272727272727
2024-06-17,474.731275964984,40.25974025974026,41.935483870967744,65.21739130434783,41.935483870967744,29.577464788732392,33.33333333333333,52.0,58.06451612903226,59.09090909090909,35.13513513513514,18.181818181818183
2024-06-18,501.20044225087383,42.857142857142854,45.16129032258064,66.66666666666666,48.38709677419355,38.028169014084504,33.33333333333333,48.0,64.51612903225806,59.09090909090909,32.432432432432435,22.727272727272727
2024-06-19,501.20044225087383,42.857142857142854,45.16129032258064,66.66666666666666,48.38709677419355,38.028169014084504,33.33333333333333,48.0,64.51612903225806,59.09090909090909,32.432432432432435,22.727272727272727
2024-06-20,539.7369433253123,44.15584415584416,54.83870967741935,66.66666666666666,54.83870967741935,43.66197183098591,37.03703703703704,52.0,67.74193548387096,59.09090909090909,32.432432432432435,27.27272727272727
2024-06-21,525.7862559890887,41.55844155844156,56.451612903225815,72.46376811594203,38.70967741935484,42.25352112676056,37.03703703703704,54.0,64.51612903225806,59.09090909090909,32.432432432432435,27.27272727272727
2024-06-24,597.4968508455263,45.45454545454545,53.2258064516129,72.46376811594203,67.74193548387096,54.929577464788736,40.74074074074074,60.0,74.19354838709677,63.63636363636363,37.83783783783784,27.27272727272727
2024-06-25,512.9175099782136,40.25974025974026,48.38709677419355,68.11594202898551,38.70967741935484,46.478873239436616,37.03703703703704,52.0,61.29032258064516,63.63636363636363,29.72972972972973,27.27272727272727
2024-06-26,503.5887172448814,36.36363636363637,43.54838709677419,69.56521739130434,38.70967741935484,39.436619718309856,33.33333333333333,57.99999999999999,61.29032258064516,63.63636363636363,32.432432432432435,27.27272727272727
2024-06-27,535.3405370693165,37.66233766233766,41.935483870967744,73.91304347826086,54.83870967741935,42.25352112676056,37.03703703703704,57.99999999999999,64.51612903225806,63.63636363636363,29.72972972972973,31.818181818181817
2024-06-28,528.7966211442101,29.87012987012987,41.935483870967744,73.91304347826086,41.935483870967744,52.112676056338024,29.629629629629626,56.00000000000001,70.96774193548387,68.18181818181817,32.432432432432435,31.818181818181817
2024-07-01,454.7509435786701,25.97402597402597,38.70967741935484,71.01449275362319,29.03225806451613,47.88732394366197,18.51851851851852,38.0,61.29032258064516,68.18181818181817,24.324324324324326,31.818181818181817
2024-07-02,498.76051663950443,32.467532467532465,38.70967741935484,75.36231884057972,35.483870967741936,53.52112676056338,18.51851851851852,44.0,70.96774193548387,68.18181818181817,29.72972972972973,31.818181818181817
2024-07-03,488.11186914389015,31.16883116883117,33.87096774193548,79.71014492753623,35.483870967741936,52.112676056338024,22.22222222222222,42.0,64.51612903225806,68.18181818181817,27.027027027027028,31.818181818181817
2024-07-04,488.11186914389015,31.16883116883117,33.87096774193548,79.71014492753623,35.483870967741936,52.112676056338024,22.22222222222222,42.0,64.51612903225806,68.18181818181817,27.027027027027028,31.818181818181817
2024-07-05,502.14708240490984,29.87012987012987,37.096774193548384,79.71014492753623,41.935483870967744,52.112676056338024,22.22222222222222,46.0,58.06451612903226,68.18181818181817,35.13513513513514,31.818181818181817
2024-07-08,508.13211514169575,33.76623376623377,35.483870967741936,81.15942028985508,41.935483870967744,52.112676056338024,21.428571428571427,48.0,64.51612903225806,68.18181818181817,29.72972972972973,31.818181818181817
2024-07-09,501.59574429645346,32.467532467532465,33.87096774193548,76.81159420289855,38.70967741935484,54.929577464788736,21.428571428571427,44.0,74.19354838709677,63.63636363636363,29.72972972972973,31.818181818181817
2024-07-10,564.5297983637275,35.064935064935064,45.16129032258064,79.71014492753623,51.61290322580645,67.6056338028169,25.0,50.0,80.64516129032258,68.18181818181817,29.72972972972973,31.818181818181817
2024-07-11,671.5794852623961,54.54545454545454,51.61290322580645,81.15942028985508,80.64516129032258,76.05633802816901,35.714285714285715,60.0,90.32258064516128,72.72727272727273,32.432432432432435,36.36363636363637
2024-07-12,729.4909344300332,63.63636363636363,56.451612903225815,92.7536231884058,83.87096774193549,80.28169014084507,42.857142857142854,66.0,90.32258064516128,77.27272727272727,35.13513513513514,40.909090909090914
2024-07-15,703.6081206729726,71.42857142857143,46.774193548387096,89.85507246376811,48.38709677419355,84.50704225352112,42.857142857142854,62.0,93.54838709677419,81.81818181818183,32.432432432432435,50.0
2024-07-16,805.3656598372439,85.71428571428571,59.67741935483871,92.7536231884058,58.06451612903226,84.50704225352112,67.85714285714286,70.0,93.54838709677419,95.45454545454545,43.24324324324324,54.54545454545454
2024-07-17,822.8071466245221,80.51948051948052,66.12903225806451,73.91304347826086,77.41935483870968,90.14084507042254,67.85714285714286,66.0,96.7741935483871,77.27272727272727,54.054054054054056,72.72727272727273
2024-07-18,776.8863761740715,74.02597402597402,56.451612903225815,69.56521739130434,77.41935483870968,85.91549295774648,67.85714285714286,57.99999999999999,93.54838709677419,72.72727272727273,48.64864864864865,72.72727272727273
2024-07-19,714.1585159154446,64.93506493506493,53.2258064516129,66.66666666666666,77.41935483870968,78.87323943661971,46.42857142857143,57.99999999999999,93.54838709677419,68.18181818181817,43.24324324324324,63.63636363636363
2024-07-22,741.5573447138348,77.92207792207793,59.67741935483871,72.46376811594203,77.41935483870968,80.28169014084507,53.57142857142857,57.99999999999999,93.54838709677419,72.72727272727273,45.94594594594595,50.0
2024-07-23,705.0749100881847,75.32467532467533,61.29032258064516,69.56521739130434,74.19354838709677,81.69014084507043,39.285714285714285,56.00000000000001,93.54838709677419,77.27272727272727,40.54054054054054,36.36363636363637
2024-07-24,639.1984295012562,53.246753246753244,69.35483870967742,53.62318840579711,83.87096774193549,76.05633802816901,28.57142857142857,50.0,90.32258064516128,45.45454545454545,43.24324324324324,45.45454545454545
2024-07-25,663.3528289738708,63.63636363636363,70.96774193548387,52.17391304347826,80.64516129032258,77.46478873239437,35.714285714285715,42.0,83.87096774193549,54.54545454545454,43.24324324324324,59.09090909090909
2024-07-26,737.1102712270166,71.42857142857143,74.19354838709677,59.42028985507246,83.87096774193549,84.50704225352112,64.28571428571429,46.0,83.87096774193549,59.09090909090909,51.35135135135135,59.09090909090909
2024-07-29,734.5831405736587,72.72727272727273,75.80645161290323,55.072463768115945,83.87096774193549,84.50704225352112,64.28571428571429,54.0,83.87096774193549,63.63636363636363,51.35135135135135,45.45454545454545
2024-07-30,754.2042607470574,71.42857142857143,77.41935483870968,49.275362318840585,83.87096774193549,87.32394366197182,57.14285714285714,57.99999999999999,83.87096774193549,63.63636363636363,54.054054054054056,68.18181818181817
2024-07-31,789.5776123591544,74.02597402597402,75.80645161290323,62.31884057971014,83.87096774193549,84.50704225352112,64.28571428571429,60.0,87.09677419354838,68.18181818181817,56.75675675675676,72.72727272727273
2024-08-01,707.7039668369301,61.038961038961034,74.19354838709677,42.028985507246375,83.87096774193549,77.46478873239437,57.14285714285714,44.0,90.32258064516128,68.18181818181817,59.45945945945946,50.0
2024-08-02,604.3861883089506,46.75324675324675,77.41935483870968,33.33333333333333,83.87096774193549,63.38028169014085,35.714285714285715,36.0,90.32258064516128,45.45454545454545,64.86486486486487,27.27272727272727
2024-08-05,510.5102356427841,36.36363636363637,64.51612903225806,23.18840579710145,80.64516129032258,43.66197183098591,32.142857142857146,30.0,74.19354838709677,40.909090909090914,62.16216216216216,22.727272727272727
2024-08-06,545.9357276291081,38.961038961038966,66.12903225806451,21.73913043478261,80.64516129032258,57.74647887323944,28.57142857142857,32.0,87.09677419354838,40.909090909090914,64.86486486486487,27.27272727272727
2024-08-07,515.2153628316045,35.064935064935064,53.2258064516129,24.637681159420293,83.87096774193549,57.74647887323944,25.0,26.0,83.87096774193549,31.818181818181817,62.16216216216216,31.818181818181817
2024-08-08,618.0821355543715,50.649350649350644,61.29032258064516,31.88405797101449,83.87096774193549,66.19718309859155,32.142857142857146,36.0,90.32258064516128,50.0,70.27027027027027,45.45454545454545
2024-08-09,657.3144760036291,54.54545454545454,67.74193548387096,37.68115942028986,87.09677419354838,70.4225352112676,32.142857142857146,38.0,90.32258064516128,63.63636363636363,70.27027027027027,45.45454545454545
2024-08-12,598.2068601405267,46.75324675324675,58.06451612903226,33.33333333333333,87.09677419354838,66.19718309859155,28.57142857142857,34.0,83.87096774193549,50.0,64.86486486486487,45.45454545454545
2024-08-13,667.4764274393889,55.84415584415584,69.35483870967742,46.3768115942029,87.09677419354838,67.6056338028169,39.285714285714285,40.0,87.09677419354838,63.63636363636363,70.27027027027027,40.909090909090914
2024-08-14,676.4481354553457,59.74025974025974,66.12903225806451,44.927536231884055,87.09677419354838,73.23943661971832,42.857142857142854,36.0,87.09677419354838,68.18181818181817,70.27027027027027,40.909090909090914
2024-08-15,723.3705176382813,66.23376623376623,72.58064516129032,57.971014492753625,87.09677419354838,76.05633802816901,46.42857142857143,46.0,87.09677419354838,68.18181818181817,70.27027027027027,45.45454545454545
2024-08-16,748.1833821601912,66.23376623376623,77.41935483870968,59.42028985507246,87.09677419354838,81.69014084507043,50.0,54.0,83.87096774193549,72.72727272727273,70.27027027027027,45.45454545454545
2024-08-19,780.6534589428728,74.02597402597402,80.64516129032258,66.66666666666666,87.09677419354838,83.09859154929578,53.57142857142857,60.0,87.09677419354838,72.72727272727273,70.27027027027027,45.45454545454545
2024-08-20,745.1588580962383,71.42857142857143,79.03225806451613,62.31884057971014,87.09677419354838,83.09859154929578,46.42857142857143,52.0,87.09677419354838,81.81818181818183,67.56756756756756,27.27272727272727
2024-08-21,797.6474195846417,77.92207792207793,79.03225806451613,71.01449275362319,87.09677419354838,84.50704225352112,57.14285714285714,64.0,90.32258064516128,77.27272727272727,72.97297297297297,36.36363636363637
2024-08-22,792.1728301747265,75.32467532467533,77.41935483870968,62.31884057971014,87.09677419354838,83.09859154929578,57.14285714285714,60.0,96.7741935483871,81.81818181818183,70.27027027027027,40.909090909090914
2024-08-23,851.9300973102012,81.81818181818183,79.03225806451613,68.11594202898551,90.32258064516128,87.32394366197182,75.0,76.0,96.7741935483871,86.36363636363636,70.27027027027027,40.909090909090914
2024-08-26,834.5845680823261,81.81818181818183,77.41935483870968,60.86956521739131,90.32258064516128,88.73239436619718,67.85714285714286,66.0,96.7741935483871,86.36363636363636,72.97297297297297,45.45454545454545
2024-08-27,822.5631473654112,76.62337662337663,74.19354838709677,63.76811594202898,90.32258064516128,87.32394366197182,67.85714285714286,70.0,96.7741935483871,81.81818181818183,72.97297297297297,40.909090909090914
2024-08-28,818.3029680276189,83.11688311688312,77.41935483870968,59.42028985507246,87.09677419354838,91.54929577464789,67.85714285714286,68.0,93.54838709677419,81.81818181818183,67.56756756756756,40.909090909090914
2024-08-29,826.6422654270668,83.11688311688312,80.64516129032258,57.971014492753625,90.32258064516128,92.95774647887323,67.85714285714286,64.0,96.7741935483871,81.81818181818183,70.27027027027027,40.909090909090914
2024-08-30,862.3676384480564,87.01298701298701,80.64516129032258,66.66666666666666,90.32258064516128,95.77464788732394,67.85714285714286,72.0,100.0,81.81818181818183,70.27027027027027,50.0
2024-09-02,862.3676384480564,87.01298701298701,80.64516129032258,66.66666666666666,90.32258064516128,95.77464788732394,67.85714285714286,72.0,100.0,81.81818181818183,70.27027027027027,50.0
2024-09-03,768.1374809755782,77.92207792207793,74.19354838709677,42.028985507246375,87.09677419354838,92.95774647887323,60.71428571428571,64.0,93.54838709677419,68.18181818181817,75.67567567567568,31.818181818181817
2024-09-04,764.9067447797471,74.02597402597402,77.41935483870968,46.3768115942029,87.09677419354838,94.36619718309859,60.71428571428571,68.0,90.32258064516128,63.63636363636363,75.67567567567568,27.27272727272727
2024-09-05,722.2319530312537,63.63636363636363,69.35483870967742,43.47826086956522,87.09677419354838,88.73239436619718,53.57142857142857,64.0,90.32258064516128,68.18181818181817,75.67567567567568,18.181818181818183
2024-09-06,650.211896015266,54.54545454545454,64.51612903225806,36.231884057971016,83.87096774193549,77.46478873239437,42.857142857142854,52.0,90.32258064516128,50.0,75.67567567567568,22.727272727272727
2024-09-09,702.4706437304466,68.83116883116884,69.35483870967742,37.68115942028986,83.87096774193549,84.50704225352112,53.57142857142857,60.0,93.54838709677419,54.54545454545454,78.37837837837837,18.181818181818183
2024-09-10,695.3786461245127,63.63636363636363,69.35483870967742,42.028985507246375,83.87096774193549,77.46478873239437,57.14285714285714,54.0,96.7741935483871,54.54545454545454,78.37837837837837,18.181818181818183
2024-09-11,699.9847255599582,68.83116883116884,70.96774193548387,47.82608695652174,90.32258064516128,73.23943661971832,53.57142857142857,60.0,96.7741935483871,50.0,70.27027027027027,18.181818181818183
2024-09-12,755.0437963843333,67.53246753246754,74.19354838709677,53.62318840579711,90.32258064516128,77.46478873239437,57.14285714285714,66.0,96.7741935483871,72.72727272727273,81.08108108108108,18.181818181818183
2024-09-13,795.5317113363258,72.72727272727273,79.03225806451613,59.42028985507246,96.7741935483871,78.87323943661971,60.71428571428571,76.0,100.0,68.18181818181817,81.08108108108108,22.727272727272727
2024-09-16,816.4624854065622,80.51948051948052,79.03225806451613,52.17391304347826,100.0,85.91549295774648,64.28571428571429,78.0,100.0,72.72727272727273,81.08108108108108,22.727272727272727
2024-09-17,827.9512382303603,84.4155844155844,77.41935483870968,57.971014492753625,100.0,87.32394366197182,64.28571428571429,80.0,100.0,72.72727272727273,81.08108108108108,22.727272727272727
2024-09-18,801.7300246348308,80.51948051948052,80.64516129032258,46.3768115942029,100.0,85.91549295774648,57.14285714285714,80.0,100.0,72.72727272727273,75.67567567567568,22.727272727272727
2024-09-19,876.4482331361023,90.9090909090909,83.87096774193549,66.66666666666666,100.0,94.36619718309859,78.57142857142857,80.0,100.0,68.18181818181817,72.97297297297297,40.909090909090914
2024-09-20,836.0122916569986,84.4155844155844,77.41935483870968,66.66666666666666,100.0,91.54929577464789,64.28571428571429,76.0,100.0,63.63636363636363,75.67567567567568,36.36363636363637
2024-09-23,852.255127286931,85.71428571428571,75.80645161290323,66.66666666666666,100.0,91.54929577464789,75.0,80.0,100.0,63.63636363636363,72.97297297297297,40.909090909090914
2024-09-24,853.10659705099,84.61538461538461,75.80645161290323,68.11594202898551,100.0,83.09859154929578,89.28571428571429,86.0,96.7741935483871,63.63636363636363,64.86486486486487,40.909090909090914
2024-09-25,808.959868587765,83.33333333333334,64.51612903225806,66.66666666666666,100.0,78.87323943661971,75.0,84.0,93.54838709677419,63.63636363636363,67.56756756756756,31.818181818181817
2024-09-26,864.1615147284705,88.46153846153845,70.96774193548387,78.26086956521739,100.0,84.50704225352112,89.28571428571429,88.0,93.54838709677419,68.18181818181817,75.67567567567568,27.27272727272727
2024-09-27,875.779947938453,89.74358974358975,70.96774193548387,78.26086956521739,100.0,87.32394366197182,85.71428571428571,90.0,93.54838709677419,68.18181818181817,75.67567567567568,36.36363636363637
2024-09-30,867.6019153913984,91.02564102564102,69.35483870967742,75.36231884057972,100.0,88.73239436619718,89.28571428571429,86.0,90.32258064516128,68.18181818181817,72.97297297297297,36.36363636363637
2024-10-01,841.7980776399281,87.17948717948718,66.12903225806451,52.17391304347826,100.0,84.50704225352112,85.71428571428571,86.0,87.09677419354838,72.72727272727273,70.27027027027027,50.0
2024-10-02,825.3881490395723,84.61538461538461,56.451612903225815,63.76811594202898,100.0,81.69014084507043,85.71428571428571,78.0,83.87096774193549,72.72727272727273,59.45945945945946,59.09090909090909
2024-10-03,795.2889426927512,82.05128205128204,51.61290322580645,63.76811594202898,100.0,76.05633802816901,82.14285714285714,74.0,80.64516129032258,63.63636363636363,48.64864864864865,72.72727272727273
2024-10-04,809.0031961317741,80.76923076923077,48.38709677419355,66.66666666666666,93.54838709677419,91.54929577464789,85.71428571428571,80.0,70.96774193548387,68.18181818181817,45.94594594594595,77.27272727272727
2024-10-07,749.6265703998553,76.92307692307693,45.16129032258064,66.66666666666666,87.09677419354838,83.09859154929578,78.57142857142857,78.0,58.06451612903226,59.09090909090909,35.13513513513514,81.81818181818183
2024-10-08,719.491395583824,80.76923076923077,43.54838709677419,72.46376811594203,80.64516129032258,88.73239436619718,67.85714285714286,76.0,51.61290322580645,63.63636363636363,35.13513513513514,59.09090909090909
2024-10-09,769.6554142130066,87.17948717948718,48.38709677419355,76.81159420289855,77.41935483870968,92.95774647887323,75.0,82.0,54.83870967741935,59.09090909090909,43.24324324324324,72.72727272727273
2024-10-10,728.6123875544297,83.33333333333334,45.16129032258064,72.46376811594203,67.74193548387096,91.54929577464789,75.0,74.0,45.16129032258064,63.63636363636363,37.83783783783784,72.72727272727273
2024-10-11,805.1466281693846,87.17948717948718,53.2258064516129,81.15942028985508,74.19354838709677,97.1830985915493,89.28571428571429,78.0,58.06451612903226,63.63636363636363,45.94594594594595,77.27272727272727
2024-10-14,854.2868308776098,91.02564102564102,54.83870967741935,84.05797101449275,83.87096774193549,97.1830985915493,89.28571428571429,90.0,64.51612903225806,72.72727272727273,54.054054054054056,72.72727272727273
2024-10-15,829.0748844903478,89.74358974358975,58.06451612903226,72.46376811594203,83.87096774193549,97.1830985915493,82.14285714285714,86.0,77.41935483870968,77.27272727272727,59.45945945945946,45.45454545454545
2024-10-16,855.4295751479838,87.17948717948718,51.61290322580645,69.56521739130434,93.54838709677419,97.1830985915493,89.28571428571429,90.0,90.32258064516128,77.27272727272727,59.45945945945946,50.0
2024-10-17,817.8686380107671,87.17948717948718,50.0,71.01449275362319,87.09677419354838,95.77464788732394,82.14285714285714,90.0,74.19354838709677,72.72727272727273,48.64864864864865,59.09090909090909
2024-10-18,831.2923582337683,88.46153846153845,53.2258064516129,73.91304347826086,90.32258064516128,97.1830985915493,82.14285714285714,90.0,77.41935483870968,77.27272727272727,51.35135135135135,50.0
2024-10-21,775.0722645108003,85.8974358974359,46.774193548387096,69.56521739130434,87.09677419354838,91.54929577464789,75.0,86.0,64.51612903225806,77.27272727272727,45.94594594594595,45.45454545454545
2024-10-22,725.6670343708054,82.05128205128204,45.16129032258064,66.66666666666666,87.09677419354838,90.14084507042254,67.85714285714286,68.0,64.51612903225806,68.18181818181817,40.54054054054054,45.45454545454545
2024-10-23,718.6063906704525,76.92307692307693,40.32258064516129,66.66666666666666,93.54838709677419,91.54929577464789,67.85714285714286,62.0,70.96774193548387,68.18181818181817,35.13513513513514,45.45454545454545
2024-10-24,703.7028165498031,71.7948717948718,40.32258064516129,69.56521739130434,90.32258064516128,88.73239436619718,67.85714285714286,64.0,67.74193548387096,63.63636363636363,29.72972972972973,50.0
2024-10-25,653.5750647507161,70.51282051282051,35.483870967741936,68.11594202898551,80.64516129032258,84.50704225352112,60.71428571428571,60.0,48.38709677419355,68.18181818181817,27.027027027027028,50.0
2024-10-28,685.0865339127987,71.7948717948718,38.70967741935484,68.11594202898551,87.09677419354838,85.91549295774648,71.42857142857143,66.0,58.06451612903226,68.18181818181817,24.324324324324326,45.45454545454545
2024-10-29,612.8607710209947,66.66666666666666,32.25806451612903,75.36231884057972,61.29032258064516,84.50704225352112,46.42857142857143,60.0,48.38709677419355,77.27272727272727,24.324324324324326,36.36363636363637
2024-10-30,620.0034900939036,64.1025641025641,38.70967741935484,66.66666666666666,58.06451612903226,81.69014084507043,60.71428571428571,56.00000000000001,45.16129032258064,86.36363636363636,21.62162162162162,40.909090909090914
2024-10-31,550.99380266737,56.41025641025641,29.03225806451613,53.62318840579711,64.51612903225806,71.83098591549296,46.42857142857143,48.0,32.25806451612903,81.81818181818183,21.62162162162162,45.45454545454545
2024-11-01,552.2847546553767,57.692307692307686,38.70967741935484,56.52173913043478,41.935483870967744,71.83098591549296,42.857142857142854,54.0,29.03225806451613,86.36363636363636,32.432432432432435,40.909090909090914
2024-11-04,560.2401434019473,58.97435897435898,41.935483870967744,55.072463768115945,35.483870967741936,70.4225352112676,50.0,50.0,32.25806451612903,86.36363636363636,29.72972972972973,50.0
2024-11-05,620.7807953406002,66.66666666666666,45.16129032258064,55.072463768115945,48.38709677419355,73.23943661971832,53.57142857142857,57.99999999999999,41.935483870967744,90.9090909090909,37.83783783783784,50.0
2024-11-06,676.4912829348165,78.2051282051282,46.774193548387096,69.56521739130434,48.38709677419355,84.50704225352112,53.57142857142857,57.99999999999999,38.70967741935484,90.9090909090909,35.13513513513514,72.72727272727273
2024-11-07,683.8473552251281,73.07692307692307,45.16129032258064,79.71014492753623,48.38709677419355,83.09859154929578,53.57142857142857,66.0,45.16129032258064,86.36363636363636,35.13513513513514,68.18181818181817
2024-11-08,701.4544218049147,79.48717948717949,41.935483870967744,72.46376811594203,54.83870967741935,88.73239436619718,53.57142857142857,64.0,61.29032258064516,86.36363636363636,35.13513513513514,63.63636363636363
2024-11-11,699.7112204489681,83.33333333333334,40.32258064516129,63.76811594202898,58.06451612903226,87.32394366197182,46.42857142857143,66.0,54.83870967741935,86.36363636363636,40.54054054054054,72.72727272727273
2024-11-12,657.1805832507292,73.07692307692307,40.32258064516129,65.21739130434783,51.61290322580645,87.32394366197182,39.285714285714285,62.0,38.70967741935484,86.36363636363636,40.54054054054054,72.72727272727273
2024-11-13,673.6846857236601,76.92307692307693,38.70967741935484,63.76811594202898,51.61290322580645,90.14084507042254,39.285714285714285,62.0,51.61290322580645,86.36363636363636,40.54054054054054,72.72727272727273
2024-11-14,631.8690872842543,69.23076923076923,32.25806451612903,63.76811594202898,48.38709677419355,87.32394366197182,35.714285714285715,66.0,32.25806451612903,86.36363636363636,37.83783783783784,72.72727272727273
2024-11-15,600.4588541995649,65.38461538461539,33.87096774193548,50.72463768115942,51.61290322580645,85.91549295774648,35.714285714285715,57.99999999999999,32.25806451612903,77.27272727272727,32.432432432432435,77.27272727272727
2024-11-18,620.2730056041792,66.66666666666666,37.096774193548384,52.17391304347826,51.61290322580645,85.91549295774648,35.714285714285715,60.0,38.70967741935484,77.27272727272727,37.83783783783784,77.27272727272727
2024-11-19,600.9756931937363,62.82051282051282,30.64516129032258,52.17391304347826,54.83870967741935,81.69014084507043,35.714285714285715,52.0,38.70967741935484,77.27272727272727,37.83783783783784,77.27272727272727
2024-11-20,608.2965268879576,65.38461538461539,37.096774193548384,56.52173913043478,54.83870967741935,78.87323943661971,35.714285714285715,52.0,35.483870967741936,77.27272727272727,37.83783783783784,77.27272727272727
2024-11-21,680.7408659345921,66.66666666666666,38.70967741935484,65.21739130434783,61.29032258064516,85.91549295774648,42.857142857142854,56.00000000000001,58.06451612903226,86.36363636363636,37.83783783783784,81.81818181818183
2024-11-22,688.7385705194804,71.7948717948718,43.54838709677419,63.76811594202898,61.29032258064516,90.14084507042254,46.42857142857143,60.0,54.83870967741935,77.27272727272727,37.83783783783784,81.81818181818183
2024-11-25,755.9527894405717,76.92307692307693,48.38709677419355,68.11594202898551,67.74193548387096,90.14084507042254,50.0,76.0,64.51612903225806,95.45454545454545,45.94594594594595,72.72727272727273
2024-11-26,750.7459715070879,73.07692307692307,46.774193548387096,69.56521739130434,70.96774193548387,91.54929577464789,42.857142857142854,70.0,70.96774193548387,95.45454545454545,51.35135135135135,68.18181818181817
2024-11-27,766.625956211599,71.7948717948718,50.0,66.66666666666666,77.41935483870968,92.95774647887323,42.857142857142854,72.0,80.64516129032258,95.45454545454545,48.64864864864865,68.18181818181817
2024-11-28,766.625956211599,71.7948717948718,50.0,66.66666666666666,77.41935483870968,92.95774647887323,42.857142857142854,72.0,80.64516129032258,95.45454545454545,48.64864864864865,68.18181818181817
2024-11-29,767.3549154244292,76.92307692307693,51.61290322580645,66.66666666666666,74.19354838709677,92.95774647887323,46.42857142857143,74.0,67.74193548387096,95.45454545454545,48.64864864864865,72.72727272727273
2024-12-02,718.0081866670769,69.23076923076923,50.0,69.56521739130434,58.06451612903226,90.14084507042254,46.42857142857143,72.0,54.83870967741935,90.9090909090909,48.64864864864865,68.18181818181817
2024-12-03,687.2649773941874,66.66666666666666,50.0,65.21739130434783,51.61290322580645,85.91549295774648,46.42857142857143,68.0,48.38709677419355,90.9090909090909,45.94594594594595,68.18181818181817
2024-12-04,681.6927922653581,67.94871794871796,46.774193548387096,69.56521739130434,54.83870967741935,84.50704225352112,46.42857142857143,70.0,48.38709677419355,86.36363636363636,43.24324324324324,63.63636363636363
2024-12-05,636.0414409367454,61.53846153846154,37.096774193548384,60.86956521739131,58.06451612903226,83.09859154929578,39.285714285714285,70.0,41.935483870967744,86.36363636363636,43.24324324324324,54.54545454545454
2024-12-06,617.6135719872954,61.53846153846154,40.32258064516129,60.86956521739131,48.38709677419355,81.69014084507043,39.285714285714285,68.0,45.16129032258064,86.36363636363636,40.54054054054054,45.45454545454545
2024-12-09,641.9298628683493,62.82051282051282,46.774193548387096,68.11594202898551,41.935483870967744,73.23943661971832,39.285714285714285,72.0,41.935483870967744,81.81818181818183,59.45945945945946,54.54545454545454
2024-12-10,641.9298628683493,62.82051282051282,46.774193548387096,68.11594202898551,41.935483870967744,73.23943661971832,39.285714285714285,72.0,41.935483870967744,81.81818181818183,59.45945945945946,54.54545454545454
